text,punct,symb,tokenized,nonstop,stemmed,polarity,subjectivity,sentiment,neg,neu,pos,compound
hanieh tarkian maintains that iran's military advances have changed the global order for ever.‚Ä¶ https://t.co/upwypb6a04,hanieh tarkian maintains that irans military advances have changed the global order for ever‚Ä¶ httpstcoupwypb6a4,hanieh tarkian maintains that iran's military advances have changed the global order for ever.‚Ä¶ https://t.co/upwypb6a04,"['hanieh', 'tarkian', 'maintains', 'that', 'irans', 'military', 'advances', 'have', 'changed', 'the', 'global', 'order', 'for', 'ever', 'httpstcoupwypb6a4']","['hanieh', 'tarkian', 'maintains', 'irans', 'military', 'advances', 'changed', 'global', 'order', 'ever', 'httpstcoupwypb6a4']","['hanieh', 'tarkian', 'maintain', 'iran', 'militari', 'advanc', 'chang', 'global', 'order', 'ever', 'httpstcoupwypb6a4']",-0.05,0.05,neutral,0.0,1.0,0.0,0.0
" the ukrainian military destroyed a russian military forward command post in the donetsk region on may 27 - official.

#ru‚Ä¶"," the ukrainian military destroyed a russian military forward command post in the donetsk region on may 27  official

ru‚Ä¶"," the ukrainian military destroyed a russian military forward command post in the donetsk region on may 27   official.

#ru‚Ä¶","['', 'the', 'ukrainian', 'military', 'destroyed', 'a', 'russian', 'military', 'forward', 'command', 'post', 'in', 'the', 'donetsk', 'region', 'on', 'may', '27', 'official', 'ru', '']","['', 'ukrainian', 'military', 'destroyed', 'russian', 'military', 'forward', 'command', 'post', 'donetsk', 'region', 'may', '27', 'official', 'ru', '']","['', 'ukrainian', 'militari', 'destroy', 'russian', 'militari', 'forward', 'command', 'post', 'donetsk', 'region', 'may', '27', 'offici', 'ru', '']",-0.06666666666666667,0.06666666666666667,,,,,
"russian snipers from the 15th guards motorized rifle brigade. https://t.co/2jccm4celz

#ukrainewar #ww3‚Ä¶ https://t.co/bcrgystm9d","russian snipers from the 15th guards motorized rifle brigade httpstco2jccm4celz

ukrainewar ww3‚Ä¶ httpstcobcrgystmd","russian snipers from the 15th guards motorized rifle brigade. https://t.co/2jccm4celz

#ukrainewar #ww3‚Ä¶ https://t.co/bcrgystm9d","['russian', 'snipers', 'from', 'the', '15th', 'guards', 'motorized', 'rifle', 'brigade', 'httpstco2jccm4celz', 'ukrainewar', 'ww3', 'httpstcobcrgystmd']","['russian', 'snipers', '15th', 'guards', 'motorized', 'rifle', 'brigade', 'httpstco2jccm4celz', 'ukrainewar', 'ww3', 'httpstcobcrgystmd']","['russian', 'sniper', '15th', 'guard', 'motor', 'rifl', 'brigad', 'httpstco2jccm4celz', 'ukrainewar', 'ww3', 'httpstcobcrgystmd']",0.0,0.0,,,,,
raf analysis to the military biological activities of the united states on the territory of ukraine‚Ä¶ https://t.co/9cmjhcudzj,raf analysis to the military biological activities of the united states on the territory of ukraine‚Ä¶ httpstcocmjhcudzj,raf analysis to the military biological activities of the united states on the territory of ukraine‚Ä¶ https://t.co/9cmjhcudzj,"['raf', 'analysis', 'to', 'the', 'military', 'biological', 'activities', 'of', 'the', 'united', 'states', 'on', 'the', 'territory', 'of', 'ukraine', 'httpstcocmjhcudzj']","['raf', 'analysis', 'military', 'biological', 'activities', 'united', 'states', 'territory', 'ukraine', 'httpstcocmjhcudzj']","['raf', 'analysi', 'militari', 'biolog', 'activ', 'unit', 'state', 'territori', 'ukrain', 'httpstcocmjhcudzj']",-0.1,0.1,,,,,
" @ischinger @l_bednarz yes, it‚Äôs very dangerous. germany is being blamed already - like never before. the cracks on ger‚Ä¶", ischinger lbednarz yes it‚Äôs very dangerous germany is being blamed already  like never before the cracks on ger‚Ä¶,  ischinger  l_bednarz yes  it‚Äôs very dangerous. germany is being blamed already   like never before. the cracks on ger‚Ä¶,"['', 'ischinger', 'lbednarz', 'yes', 'it', 's', 'very', 'dangerous', 'germany', 'is', 'being', 'blamed', 'already', 'like', 'never', 'before', 'the', 'cracks', 'on', 'ger', '']","['', 'ischinger', 'lbednarz', 'yes', 'dangerous', 'germany', 'blamed', 'already', 'like', 'never', 'cracks', 'ger', '']","['', 'isching', 'lbednarz', 'ye', 'danger', 'germani', 'blame', 'alreadi', 'like', 'never', 'crack', 'ger', '']",-0.78,1.0,,,,,
russia has successfully tested the zircon hypersonic missile from the barents sea. she hit the target at a distance‚Ä¶ https://t.co/9onv9exkfu,russia has successfully tested the zircon hypersonic missile from the barents sea she hit the target at a distance‚Ä¶ httpstcoonvexkfu,russia has successfully tested the zircon hypersonic missile from the barents sea. she hit the target at a distance‚Ä¶ https://t.co/9onv9exkfu,"['russia', 'has', 'successfully', 'tested', 'the', 'zircon', 'hypersonic', 'missile', 'from', 'the', 'barents', 'sea', 'she', 'hit', 'the', 'target', 'at', 'a', 'distance', 'httpstcoonvexkfu']","['russia', 'successfully', 'tested', 'zircon', 'hypersonic', 'missile', 'barents', 'sea', 'hit', 'target', 'distance', 'httpstcoonvexkfu']","['russia', 'success', 'test', 'zircon', 'hyperson', 'missil', 'barent', 'sea', 'hit', 'target', 'distanc', 'httpstcoonvexkfu']",0.75,0.95,,,,,
compilation of attacks carried out by the russian orion uav on ukrainian positions and assets.‚Ä¶ https://t.co/fjnb3fxqnt,compilation of attacks carried out by the russian orion uav on ukrainian positions and assets‚Ä¶ httpstcofjnb3fxqnt,compilation of attacks carried out by the russian orion uav on ukrainian positions and assets.‚Ä¶ https://t.co/fjnb3fxqnt,"['compilation', 'of', 'attacks', 'carried', 'out', 'by', 'the', 'russian', 'orion', 'uav', 'on', 'ukrainian', 'positions', 'and', 'assets', 'httpstcofjnb3fxqnt']","['compilation', 'attacks', 'carried', 'russian', 'orion', 'uav', 'ukrainian', 'positions', 'assets', 'httpstcofjnb3fxqnt']","['compil', 'attack', 'carri', 'russian', 'orion', 'uav', 'ukrainian', 'posit', 'asset', 'httpstcofjnb3fxqnt']",0.0,0.0,,,,,
"may 28 - the most important military events of #ukrainewar https://t.co/dd2crvqkpr

#ukrainewar #ww3‚Ä¶ https://t.co/qpi9r795vy","may 28  the most important military events of ukrainewar httpstcodd2crvqkpr

ukrainewar ww3‚Ä¶ httpstcoqpir75vy","may 28   the most important military events of #ukrainewar https://t.co/dd2crvqkpr

#ukrainewar #ww3‚Ä¶ https://t.co/qpi9r795vy","['may', '28', 'the', 'most', 'important', 'military', 'events', 'of', 'ukrainewar', 'httpstcodd2crvqkpr', 'ukrainewar', 'ww3', 'httpstcoqpir75vy']","['may', '28', 'important', 'military', 'events', 'ukrainewar', 'httpstcodd2crvqkpr', 'ukrainewar', 'ww3', 'httpstcoqpir75vy']","['may', '28', 'import', 'militari', 'event', 'ukrainewar', 'httpstcodd2crvqkpr', 'ukrainewar', 'ww3', 'httpstcoqpir75vi']",0.26666666666666666,0.5333333333333333,,,,,
"""don't reveal all your cards"" - putin https://t.co/chd9yqwd1s

#ukrainewar #ww3 #russiaukrainewar

https://t.co/4dslyo9thz","dont reveal all your cards  putin httpstcochdyqwd1s

ukrainewar ww3 russiaukrainewar

httpstco4dslyothz","""don't reveal all your cards""   putin https://t.co/chd9yqwd1s

#ukrainewar #ww3 #russiaukrainewar

https://t.co/4dslyo9thz","['dont', 'reveal', 'all', 'your', 'cards', 'putin', 'httpstcochdyqwd1s', 'ukrainewar', 'ww3', 'russiaukrainewar', 'httpstco4dslyothz']","['dont', 'reveal', 'cards', 'putin', 'httpstcochdyqwd1s', 'ukrainewar', 'ww3', 'russiaukrainewar', 'httpstco4dslyothz']","['dont', 'reveal', 'card', 'putin', 'httpstcochdyqwd1', 'ukrainewar', 'ww3', 'russiaukrainewar', 'httpstco4dslyothz']",0.0,0.0,,,,,
" the conversation was focused on #russiaukrainewar and efforts to stop it. scholz and macron demanded ""an immediate cease‚Ä¶", the conversation was focused on russiaukrainewar and efforts to stop it scholz and macron demanded an immediate cease‚Ä¶," the conversation was focused on #russiaukrainewar and efforts to stop it. scholz and macron demanded ""an immediate cease‚Ä¶","['', 'the', 'conversation', 'was', 'focused', 'on', 'russiaukrainewar', 'and', 'efforts', 'to', 'stop', 'it', 'scholz', 'and', 'macron', 'demanded', 'an', 'immediate', 'cease', '']","['', 'conversation', 'focused', 'russiaukrainewar', 'efforts', 'stop', 'scholz', 'macron', 'demanded', 'immediate', 'cease', '']","['', 'convers', 'focus', 'russiaukrainewar', 'effort', 'stop', 'scholz', 'macron', 'demand', 'immedi', 'ceas', '']",0.0,0.0,,,,,
"#zelensky: behind all these geopolitical speculations of those who advise ukraine to give away something to russia,‚Ä¶ https://t.co/imrrtxindo",zelensky behind all these geopolitical speculations of those who advise ukraine to give away something to russia‚Ä¶ httpstcoimrrtxindo,#zelensky: behind all these geopolitical speculations of those who advise ukraine to give away something to russia ‚Ä¶ https://t.co/imrrtxindo,"['zelensky', 'behind', 'all', 'these', 'geopolitical', 'speculations', 'of', 'those', 'who', 'advise', 'ukraine', 'to', 'give', 'away', 'something', 'to', 'russia', 'httpstcoimrrtxindo']","['zelensky', 'behind', 'geopolitical', 'speculations', 'advise', 'ukraine', 'give', 'away', 'something', 'russia', 'httpstcoimrrtxindo']","['zelenski', 'behind', 'geopolit', 'specul', 'advis', 'ukrain', 'give', 'away', 'someth', 'russia', 'httpstcoimrrtxindo']",-0.4,0.7,,,,,
"ben grant fights in the international legion of ukraine.
#supportukraine #russiaukrainewar #ukrainestrong https://t.co/owoinz4pjw","ben grant fights in the international legion of ukraine
supportukraine russiaukrainewar ukrainestrong httpstcoowoinz4pjw","ben grant fights in the international legion of ukraine.
#supportukraine #russiaukrainewar #ukrainestrong https://t.co/owoinz4pjw","['ben', 'grant', 'fights', 'in', 'the', 'international', 'legion', 'of', 'ukraine', 'supportukraine', 'russiaukrainewar', 'ukrainestrong', 'httpstcoowoinz4pjw']","['ben', 'grant', 'fights', 'international', 'legion', 'ukraine', 'supportukraine', 'russiaukrainewar', 'ukrainestrong', 'httpstcoowoinz4pjw']","['ben', 'grant', 'fight', 'intern', 'legion', 'ukrain', 'supportukrain', 'russiaukrainewar', 'ukrainestrong', 'httpstcoowoinz4pjw']",0.0,0.0,,,,,
"#russiaukrainewar yes, the ukraine war could have been prevented
‚Äúin so many ways canada has provoked this conflict‚Ä¶ https://t.co/hqkibcgc1q","russiaukrainewar yes the ukraine war could have been prevented
‚Äúin so many ways canada has provoked this conflict‚Ä¶ httpstcohqkibcgc1q","#russiaukrainewar yes  the ukraine war could have been prevented
‚Äúin so many ways canada has provoked this conflict‚Ä¶ https://t.co/hqkibcgc1q","['russiaukrainewar', 'yes', 'the', 'ukraine', 'war', 'could', 'have', 'been', 'prevented', 'in', 'so', 'many', 'ways', 'canada', 'has', 'provoked', 'this', 'conflict', 'httpstcohqkibcgc1q']","['russiaukrainewar', 'yes', 'ukraine', 'war', 'could', 'prevented', 'many', 'ways', 'canada', 'provoked', 'conflict', 'httpstcohqkibcgc1q']","['russiaukrainewar', 'ye', 'ukrain', 'war', 'could', 'prevent', 'mani', 'way', 'canada', 'provok', 'conflict', 'httpstcohqkibcgc1q']",0.5,0.5,,,,,
" just for us to remember: today is the 94th day of #russiaukrainewar. 
the words' author ilona skala.
the video's author‚Ä¶"," just for us to remember today is the 4th day of russiaukrainewar 
the words author ilona skala
the videos author‚Ä¶"," just for us to remember: today is the 94th day of #russiaukrainewar. 
the words' author ilona skala.
the video's author‚Ä¶","['', 'just', 'for', 'us', 'to', 'remember', 'today', 'is', 'the', '4th', 'day', 'of', 'russiaukrainewar', 'the', 'words', 'author', 'ilona', 'skala', 'the', 'videos', 'author', '']","['', 'us', 'remember', 'today', '4th', 'day', 'russiaukrainewar', 'words', 'author', 'ilona', 'skala', 'videos', 'author', '']","['', 'us', 'rememb', 'today', '4th', 'day', 'russiaukrainewar', 'word', 'author', 'ilona', 'skala', 'video', 'author', '']",0.0,0.0,,,,,
do you mf russia apologists still believe in the ‚Äúliberation‚Äù ? this is how russian terrorists are ‚Äúliberating‚Äù !!!‚Ä¶ https://t.co/hq47wg62xu,do you mf russia apologists still believe in the ‚Äúliberation‚Äù  this is how russian terrorists are ‚Äúliberating‚Äù ‚Ä¶ httpstcohq47wg62xu,do you mf russia apologists still believe in the ‚Äúliberation‚Äù ? this is how russian terrorists are ‚Äúliberating‚Äù  ‚Ä¶ https://t.co/hq47wg62xu,"['do', 'you', 'mf', 'russia', 'apologists', 'still', 'believe', 'in', 'the', 'liberation', 'this', 'is', 'how', 'russian', 'terrorists', 'are', 'liberating', 'httpstcohq47wg62xu']","['mf', 'russia', 'apologists', 'still', 'believe', 'liberation', 'russian', 'terrorists', 'liberating', 'httpstcohq47wg62xu']","['mf', 'russia', 'apologist', 'still', 'believ', 'liber', 'russian', 'terrorist', 'liber', 'httpstcohq47wg62xu']",0.0,0.0,,,,,
 watch western #sanctions on russia boomerang: a global #energy and #food crisis in the making via @forbes https://t.co/pe‚Ä¶, watch western sanctions on russia boomerang a global energy and food crisis in the making via forbes httpstcope‚Ä¶, watch western #sanctions on russia boomerang: a global #energy and #food crisis in the making via  forbes https://t.co/pe‚Ä¶,"['', 'watch', 'western', 'sanctions', 'on', 'russia', 'boomerang', 'a', 'global', 'energy', 'and', 'food', 'crisis', 'in', 'the', 'making', 'via', 'forbes', 'httpstcope', '']","['', 'watch', 'western', 'sanctions', 'russia', 'boomerang', 'global', 'energy', 'food', 'crisis', 'making', 'via', 'forbes', 'httpstcope', '']","['', 'watch', 'western', 'sanction', 'russia', 'boomerang', 'global', 'energi', 'food', 'crisi', 'make', 'via', 'forb', 'httpstcope', '']",0.0,0.0,,,,,
" ben grant fights in the international legion of ukraine.
#supportukraine #russiaukrainewar #ukrainestrong https://t.co/‚Ä¶"," ben grant fights in the international legion of ukraine
supportukraine russiaukrainewar ukrainestrong httpstco‚Ä¶"," ben grant fights in the international legion of ukraine.
#supportukraine #russiaukrainewar #ukrainestrong https://t.co/‚Ä¶","['', 'ben', 'grant', 'fights', 'in', 'the', 'international', 'legion', 'of', 'ukraine', 'supportukraine', 'russiaukrainewar', 'ukrainestrong', 'httpstco', '']","['', 'ben', 'grant', 'fights', 'international', 'legion', 'ukraine', 'supportukraine', 'russiaukrainewar', 'ukrainestrong', 'httpstco', '']","['', 'ben', 'grant', 'fight', 'intern', 'legion', 'ukrain', 'supportukrain', 'russiaukrainewar', 'ukrainestrong', 'httpstco', '']",0.0,0.0,,,,,
"thousands of people went out to the streets to pay their last respect to the fallen üá∫üá¶defenders
#ukraine‚Ä¶ https://t.co/bvhe4xkaee","thousands of people went out to the streets to pay their last respect to the fallen üá∫üá¶defenders
ukraine‚Ä¶ httpstcobvhe4xkaee","thousands of people went out to the streets to pay their last respect to the fallen üá∫üá¶defenders
#ukraine‚Ä¶ https://t.co/bvhe4xkaee","['thousands', 'of', 'people', 'went', 'out', 'to', 'the', 'streets', 'to', 'pay', 'their', 'last', 'respect', 'to', 'the', 'fallen', 'defenders', 'ukraine', 'httpstcobvhe4xkaee']","['thousands', 'people', 'went', 'streets', 'pay', 'last', 'respect', 'fallen', 'defenders', 'ukraine', 'httpstcobvhe4xkaee']","['thousand', 'peopl', 'went', 'street', 'pay', 'last', 'respect', 'fallen', 'defend', 'ukrain', 'httpstcobvhe4xkae']",0.0,0.06666666666666667,,,,,
video released by russian media of a temporary helicopter base and flight activity near/over eastern ukraine.‚Ä¶ https://t.co/bctyfxai1e,video released by russian media of a temporary helicopter base and flight activity nearover eastern ukraine‚Ä¶ httpstcobctyfxai1e,video released by russian media of a temporary helicopter base and flight activity near/over eastern ukraine.‚Ä¶ https://t.co/bctyfxai1e,"['video', 'released', 'by', 'russian', 'media', 'of', 'a', 'temporary', 'helicopter', 'base', 'and', 'flight', 'activity', 'nearover', 'eastern', 'ukraine', 'httpstcobctyfxai1e']","['video', 'released', 'russian', 'media', 'temporary', 'helicopter', 'base', 'flight', 'activity', 'nearover', 'eastern', 'ukraine', 'httpstcobctyfxai1e']","['video', 'releas', 'russian', 'media', 'temporari', 'helicopt', 'base', 'flight', 'activ', 'nearov', 'eastern', 'ukrain', 'httpstcobctyfxai1']",-0.4,0.5,,,,,
"ben grant fights in the international legion of ukraine.
#supportukraine #russiaukrainewar #ukrainestrong https://t.co/pbkxuh01em","ben grant fights in the international legion of ukraine
supportukraine russiaukrainewar ukrainestrong httpstcopbkxuh1em","ben grant fights in the international legion of ukraine.
#supportukraine #russiaukrainewar #ukrainestrong https://t.co/pbkxuh01em","['ben', 'grant', 'fights', 'in', 'the', 'international', 'legion', 'of', 'ukraine', 'supportukraine', 'russiaukrainewar', 'ukrainestrong', 'httpstcopbkxuh1em']","['ben', 'grant', 'fights', 'international', 'legion', 'ukraine', 'supportukraine', 'russiaukrainewar', 'ukrainestrong', 'httpstcopbkxuh1em']","['ben', 'grant', 'fight', 'intern', 'legion', 'ukrain', 'supportukrain', 'russiaukrainewar', 'ukrainestrong', 'httpstcopbkxuh1em']",0.0,0.0,,,,,
"sri lanka will pay $72.6 million to buy 90,000 tonnes of russian oil

#srilankacrisis #srilankaeconomiccrisis‚Ä¶ https://t.co/lctgzrbmsv","sri lanka will pay 726 million to buy  tonnes of russian oil

srilankacrisis srilankaeconomiccrisis‚Ä¶ httpstcolctgzrbmsv","sri lanka will pay $72.6 million to buy 90 000 tonnes of russian oil

#srilankacrisis #srilankaeconomiccrisis‚Ä¶ https://t.co/lctgzrbmsv","['sri', 'lanka', 'will', 'pay', '726', 'million', 'to', 'buy', 'tonnes', 'of', 'russian', 'oil', 'srilankacrisis', 'srilankaeconomiccrisis', 'httpstcolctgzrbmsv']","['sri', 'lanka', 'pay', '726', 'million', 'buy', 'tonnes', 'russian', 'oil', 'srilankacrisis', 'srilankaeconomiccrisis', 'httpstcolctgzrbmsv']","['sri', 'lanka', 'pay', '726', 'million', 'buy', 'tonn', 'russian', 'oil', 'srilankacrisi', 'srilankaeconomiccrisi', 'httpstcolctgzrbmsv']",0.0,0.0,,,,,
"ukrainians pay last respect to the fallen üá∫üá¶defenders 
#ukraine
#ukrainewar #ukrainerussianwar #russiaukrainewar‚Ä¶ https://t.co/bg6mmfefpt","ukrainians pay last respect to the fallen üá∫üá¶defenders 
ukraine
ukrainewar ukrainerussianwar russiaukrainewar‚Ä¶ httpstcobg6mmfefpt","ukrainians pay last respect to the fallen üá∫üá¶defenders 
#ukraine
#ukrainewar #ukrainerussianwar #russiaukrainewar‚Ä¶ https://t.co/bg6mmfefpt","['ukrainians', 'pay', 'last', 'respect', 'to', 'the', 'fallen', 'defenders', 'ukraine', 'ukrainewar', 'ukrainerussianwar', 'russiaukrainewar', 'httpstcobg6mmfefpt']","['ukrainians', 'pay', 'last', 'respect', 'fallen', 'defenders', 'ukraine', 'ukrainewar', 'ukrainerussianwar', 'russiaukrainewar', 'httpstcobg6mmfefpt']","['ukrainian', 'pay', 'last', 'respect', 'fallen', 'defend', 'ukrain', 'ukrainewar', 'ukrainerussianwar', 'russiaukrainewar', 'httpstcobg6mmfefpt']",0.0,0.06666666666666667,,,,,
"long range missiles are needed to cut down russian supply lines and stop russian's invasion!
#longrangemissiles‚Ä¶ https://t.co/ct5mvkqyyx","long range missiles are needed to cut down russian supply lines and stop russians invasion
longrangemissiles‚Ä¶ httpstcoct5mvkqyyx","long range missiles are needed to cut down russian supply lines and stop russian's invasion 
#longrangemissiles‚Ä¶ https://t.co/ct5mvkqyyx","['long', 'range', 'missiles', 'are', 'needed', 'to', 'cut', 'down', 'russian', 'supply', 'lines', 'and', 'stop', 'russians', 'invasion', 'longrangemissiles', 'httpstcoct5mvkqyyx']","['long', 'range', 'missiles', 'needed', 'cut', 'russian', 'supply', 'lines', 'stop', 'russians', 'invasion', 'longrangemissiles', 'httpstcoct5mvkqyyx']","['long', 'rang', 'missil', 'need', 'cut', 'russian', 'suppli', 'line', 'stop', 'russian', 'invas', 'longrangemissil', 'httpstcoct5mvkqyyx']",-0.0513888888888889,0.17222222222222222,,,,,
 this is interesting as per tass news agency russian military has been using su-57 fighters during the #russiaukrainewar.‚Ä¶, this is interesting as per tass news agency russian military has been using su57 fighters during the russiaukrainewar‚Ä¶, this is interesting as per tass news agency russian military has been using su 57 fighters during the #russiaukrainewar.‚Ä¶,"['', 'this', 'is', 'interesting', 'as', 'per', 'tass', 'news', 'agency', 'russian', 'military', 'has', 'been', 'using', 'su57', 'fighters', 'during', 'the', 'russiaukrainewar', '']","['', 'interesting', 'per', 'tass', 'news', 'agency', 'russian', 'military', 'using', 'su57', 'fighters', 'russiaukrainewar', '']","['', 'interest', 'per', 'tass', 'news', 'agenc', 'russian', 'militari', 'use', 'su57', 'fighter', 'russiaukrainewar', '']",0.13333333333333333,0.19999999999999998,,,,,
 russia is finally defeating ukraine. and all the military weapons that america and nathan is giving them will not stop them fro‚Ä¶, russia is finally defeating ukraine and all the military weapons that america and nathan is giving them will not stop them fro‚Ä¶, russia is finally defeating ukraine. and all the military weapons that america and nathan is giving them will not stop them fro‚Ä¶,"['', 'russia', 'is', 'finally', 'defeating', 'ukraine', 'and', 'all', 'the', 'military', 'weapons', 'that', 'america', 'and', 'nathan', 'is', 'giving', 'them', 'will', 'not', 'stop', 'them', 'fro', '']","['', 'russia', 'finally', 'defeating', 'ukraine', 'military', 'weapons', 'america', 'nathan', 'giving', 'stop', 'fro', '']","['', 'russia', 'final', 'defeat', 'ukrain', 'militari', 'weapon', 'america', 'nathan', 'give', 'stop', 'fro', '']",-0.05,0.55,,,,,
" frames from the combat zone, reflecting the skill of the ukrainian military.
#armukrainenow #ukrainestrong #russiaukrai‚Ä¶"," frames from the combat zone reflecting the skill of the ukrainian military
armukrainenow ukrainestrong russiaukrai‚Ä¶"," frames from the combat zone  reflecting the skill of the ukrainian military.
#armukrainenow #ukrainestrong #russiaukrai‚Ä¶","['', 'frames', 'from', 'the', 'combat', 'zone', 'reflecting', 'the', 'skill', 'of', 'the', 'ukrainian', 'military', 'armukrainenow', 'ukrainestrong', 'russiaukrai', '']","['', 'frames', 'combat', 'zone', 'reflecting', 'skill', 'ukrainian', 'military', 'armukrainenow', 'ukrainestrong', 'russiaukrai', '']","['', 'frame', 'combat', 'zone', 'reflect', 'skill', 'ukrainian', 'militari', 'armukrainenow', 'ukrainestrong', 'russiaukrai', '']",-0.1,0.1,,,,,
"this seems fun. üòÇüòÇ #shorts https://t.co/1f8dc4u0ch

#ukrainewar #ww3 #russiaukrainewar

https://t.co/nexs4wmyfg","this seems fun üòÇüòÇ shorts httpstco1f8dc4uch

ukrainewar ww3 russiaukrainewar

httpstconexs4wmyfg","this seems fun. üòÇüòÇ #shorts https://t.co/1f8dc4u0ch

#ukrainewar #ww3 #russiaukrainewar

https://t.co/nexs4wmyfg","['this', 'seems', 'fun', 'shorts', 'httpstco1f8dc4uch', 'ukrainewar', 'ww3', 'russiaukrainewar', 'httpstconexs4wmyfg']","['seems', 'fun', 'shorts', 'httpstco1f8dc4uch', 'ukrainewar', 'ww3', 'russiaukrainewar', 'httpstconexs4wmyfg']","['seem', 'fun', 'short', 'httpstco1f8dc4uch', 'ukrainewar', 'ww3', 'russiaukrainewar', 'httpstconexs4wmyfg']",0.3,0.2,,,,,
"#russian #airforce #major general #kanamatbotashev was shot out of the #sky over the #lugansk #region, marking the‚Ä¶ https://t.co/vv1jrjetgr",russian airforce major general kanamatbotashev was shot out of the sky over the lugansk region marking the‚Ä¶ httpstcovv1jrjetgr,#russian #airforce #major general #kanamatbotashev was shot out of the #sky over the #lugansk #region  marking the‚Ä¶ https://t.co/vv1jrjetgr,"['russian', 'airforce', 'major', 'general', 'kanamatbotashev', 'was', 'shot', 'out', 'of', 'the', 'sky', 'over', 'the', 'lugansk', 'region', 'marking', 'the', 'httpstcovv1jrjetgr']","['russian', 'airforce', 'major', 'general', 'kanamatbotashev', 'shot', 'sky', 'lugansk', 'region', 'marking', 'httpstcovv1jrjetgr']","['russian', 'airforc', 'major', 'gener', 'kanamatbotashev', 'shot', 'sky', 'lugansk', 'region', 'mark', 'httpstcovv1jrjetgr']",0.037500000000000006,0.3333333333333333,,,,,
this might be a good time for an update to avalon hill‚Äôs the russian campaign. #russiaukrainewar,this might be a good time for an update to avalon hill‚Äôs the russian campaign russiaukrainewar,this might be a good time for an update to avalon hill‚Äôs the russian campaign. #russiaukrainewar,"['this', 'might', 'be', 'a', 'good', 'time', 'for', 'an', 'update', 'to', 'avalon', 'hill', 's', 'the', 'russian', 'campaign', 'russiaukrainewar']","['might', 'good', 'time', 'update', 'avalon', 'hill', 'russian', 'campaign', 'russiaukrainewar']","['might', 'good', 'time', 'updat', 'avalon', 'hill', 'russian', 'campaign', 'russiaukrainewar']",0.35,0.30000000000000004,,,,,
" #ukrainewillwin  
but the price of victory is growing every hour... because  94 days in #russiaukrainewar - the fourth p‚Ä¶"," ukrainewillwin  
but the price of victory is growing every hour because  4 days in russiaukrainewar  the fourth p‚Ä¶"," #ukrainewillwin  
but the price of victory is growing every hour... because  94 days in #russiaukrainewar   the fourth p‚Ä¶","['', 'ukrainewillwin', 'but', 'the', 'price', 'of', 'victory', 'is', 'growing', 'every', 'hour', 'because', '4', 'days', 'in', 'russiaukrainewar', 'the', 'fourth', 'p', '']","['', 'ukrainewillwin', 'price', 'victory', 'growing', 'every', 'hour', '4', 'days', 'russiaukrainewar', 'fourth', 'p', '']","['', 'ukrainewillwin', 'price', 'victori', 'grow', 'everi', 'hour', '4', 'day', 'russiaukrainewar', 'fourth', 'p', '']",0.0,0.0,,,,,
"and now it is east of okinawa. https://t.co/bvk1pgeday https://t.co/orywqdbqhe

 https://t.co/lcaqovckdm‚Ä¶ https://t.co/bhgijcuxdo","and now it is east of okinawa httpstcobvk1pgeday httpstcoorywqdbqhe

 httpstcolcaqovckdm‚Ä¶ httpstcobhgijcuxdo","and now it is east of okinawa. https://t.co/bvk1pgeday https://t.co/orywqdbqhe

 https://t.co/lcaqovckdm‚Ä¶ https://t.co/bhgijcuxdo","['and', 'now', 'it', 'is', 'east', 'of', 'okinawa', 'httpstcobvk1pgeday', 'httpstcoorywqdbqhe', 'httpstcolcaqovckdm', 'httpstcobhgijcuxdo']","['east', 'okinawa', 'httpstcobvk1pgeday', 'httpstcoorywqdbqhe', 'httpstcolcaqovckdm', 'httpstcobhgijcuxdo']","['east', 'okinawa', 'httpstcobvk1pgeday', 'httpstcoorywqdbqh', 'httpstcolcaqovckdm', 'httpstcobhgijcuxdo']",0.0,0.0,,,,,
what's up with the redundancy with some of the mil flights right now? ü§î https://t.co/1mwkkbti4b‚Ä¶ https://t.co/kyozbq8tat,whats up with the redundancy with some of the mil flights right now ü§î httpstco1mwkkbti4b‚Ä¶ httpstcokyozbq8tat,what's up with the redundancy with some of the mil flights right now? ü§î https://t.co/1mwkkbti4b‚Ä¶ https://t.co/kyozbq8tat,"['whats', 'up', 'with', 'the', 'redundancy', 'with', 'some', 'of', 'the', 'mil', 'flights', 'right', 'now', 'httpstco1mwkkbti4b', 'httpstcokyozbq8tat']","['whats', 'redundancy', 'mil', 'flights', 'right', 'httpstco1mwkkbti4b', 'httpstcokyozbq8tat']","['what', 'redund', 'mil', 'flight', 'right', 'httpstco1mwkkbti4b', 'httpstcokyozbq8tat']",0.2857142857142857,0.5357142857142857,,,,,
" ‚úÖ su-25 assault planes and mi-17 helicopters were disassembled in europe and delivered to ukraine

https://t.co/ei73schfpw‚Ä¶"," ‚úÖ su25 assault planes and mi17 helicopters were disassembled in europe and delivered to ukraine

httpstcoei73schfpw‚Ä¶"," ‚úÖ su 25 assault planes and mi 17 helicopters were disassembled in europe and delivered to ukraine

https://t.co/ei73schfpw‚Ä¶","['', 'su25', 'assault', 'planes', 'and', 'mi17', 'helicopters', 'were', 'disassembled', 'in', 'europe', 'and', 'delivered', 'to', 'ukraine', 'httpstcoei73schfpw', '']","['', 'su25', 'assault', 'planes', 'mi17', 'helicopters', 'disassembled', 'europe', 'delivered', 'ukraine', 'httpstcoei73schfpw', '']","['', 'su25', 'assault', 'plane', 'mi17', 'helicopt', 'disassembl', 'europ', 'deliv', 'ukrain', 'httpstcoei73schfpw', '']",0.0,0.0,,,,,
" #davos2022 | as the world reels under the impact of #russiaukrainewar, what is the way forward? @shereenbhan talks to @pi‚Ä¶", davos222  as the world reels under the impact of russiaukrainewar what is the way forward shereenbhan talks to pi‚Ä¶, #davos2022 | as the world reels under the impact of #russiaukrainewar  what is the way forward?  shereenbhan talks to  pi‚Ä¶,"['', 'davos222', 'as', 'the', 'world', 'reels', 'under', 'the', 'impact', 'of', 'russiaukrainewar', 'what', 'is', 'the', 'way', 'forward', 'shereenbhan', 'talks', 'to', 'pi', '']","['', 'davos222', 'world', 'reels', 'impact', 'russiaukrainewar', 'way', 'forward', 'shereenbhan', 'talks', 'pi', '']","['', 'davos222', 'world', 'reel', 'impact', 'russiaukrainewar', 'way', 'forward', 'shereenbhan', 'talk', 'pi', '']",0.0,0.0,,,,,
"magic üé© #shorts https://t.co/3drewxd0ki

#ukrainewar #ww3 #russiaukrainewar

https://t.co/5qgqvihkfh","magic üé© shorts httpstco3drewxdki

ukrainewar ww3 russiaukrainewar

httpstco5qgqvihkfh","magic üé© #shorts https://t.co/3drewxd0ki

#ukrainewar #ww3 #russiaukrainewar

https://t.co/5qgqvihkfh","['magic', 'shorts', 'httpstco3drewxdki', 'ukrainewar', 'ww3', 'russiaukrainewar', 'httpstco5qgqvihkfh']","['magic', 'shorts', 'httpstco3drewxdki', 'ukrainewar', 'ww3', 'russiaukrainewar', 'httpstco5qgqvihkfh']","['magic', 'short', 'httpstco3drewxdki', 'ukrainewar', 'ww3', 'russiaukrainewar', 'httpstco5qgqvihkfh']",0.5,1.0,,,,,
"this seems fun. üòÇüòÇ #shorts https://t.co/jpmavkrwd4

#ukrainewar #ww3 #russiaukrainewar

https://t.co/ub3p1nbjme","this seems fun üòÇüòÇ shorts httpstcojpmavkrwd4

ukrainewar ww3 russiaukrainewar

httpstcoub3p1nbjme","this seems fun. üòÇüòÇ #shorts https://t.co/jpmavkrwd4

#ukrainewar #ww3 #russiaukrainewar

https://t.co/ub3p1nbjme","['this', 'seems', 'fun', 'shorts', 'httpstcojpmavkrwd4', 'ukrainewar', 'ww3', 'russiaukrainewar', 'httpstcoub3p1nbjme']","['seems', 'fun', 'shorts', 'httpstcojpmavkrwd4', 'ukrainewar', 'ww3', 'russiaukrainewar', 'httpstcoub3p1nbjme']","['seem', 'fun', 'short', 'httpstcojpmavkrwd4', 'ukrainewar', 'ww3', 'russiaukrainewar', 'httpstcoub3p1nbjm']",0.3,0.2,,,,,
"link- https://t.co/tufvibvhzf

my #new #beautiful #women #tshirt

#tshirts #tshirtstore #design #fitness #shirt‚Ä¶ https://t.co/ph62lw2agp","link httpstcotufvibvhzf

my new beautiful women tshirt

tshirts tshirtstore design fitness shirt‚Ä¶ httpstcoph62lw2agp","link  https://t.co/tufvibvhzf

my #new #beautiful #women #tshirt

#tshirts #tshirtstore #design #fitness #shirt‚Ä¶ https://t.co/ph62lw2agp","['link', 'httpstcotufvibvhzf', 'my', 'new', 'beautiful', 'women', 'tshirt', 'tshirts', 'tshirtstore', 'design', 'fitness', 'shirt', 'httpstcoph62lw2agp']","['link', 'httpstcotufvibvhzf', 'new', 'beautiful', 'women', 'tshirt', 'tshirts', 'tshirtstore', 'design', 'fitness', 'shirt', 'httpstcoph62lw2agp']","['link', 'httpstcotufvibvhzf', 'new', 'beauti', 'women', 'tshirt', 'tshirt', 'tshirtstor', 'design', 'fit', 'shirt', 'httpstcoph62lw2agp']",0.49318181818181817,0.7272727272727273,,,,,
"your dog vs my dog. üòÇ #short https://t.co/kkignwpdkq

#ukrainewar #ww3 #russiaukrainewar

https://t.co/kcoderdzka","your dog vs my dog üòÇ short httpstcokkignwpdkq

ukrainewar ww3 russiaukrainewar

httpstcokcoderdzka","your dog vs my dog. üòÇ #short https://t.co/kkignwpdkq

#ukrainewar #ww3 #russiaukrainewar

https://t.co/kcoderdzka","['your', 'dog', 'vs', 'my', 'dog', 'short', 'httpstcokkignwpdkq', 'ukrainewar', 'ww3', 'russiaukrainewar', 'httpstcokcoderdzka']","['dog', 'vs', 'dog', 'short', 'httpstcokkignwpdkq', 'ukrainewar', 'ww3', 'russiaukrainewar', 'httpstcokcoderdzka']","['dog', 'vs', 'dog', 'short', 'httpstcokkignwpdkq', 'ukrainewar', 'ww3', 'russiaukrainewar', 'httpstcokcoderdzka']",0.0,0.3,,,,,
big deal if true. #russiaukrainewar https://t.co/pevswaraiw,big deal if true russiaukrainewar httpstcopevswaraiw,big deal if true. #russiaukrainewar https://t.co/pevswaraiw,"['big', 'deal', 'if', 'true', 'russiaukrainewar', 'httpstcopevswaraiw']","['big', 'deal', 'true', 'russiaukrainewar', 'httpstcopevswaraiw']","['big', 'deal', 'true', 'russiaukrainewar', 'httpstcopevswaraiw']",0.175,0.375,,,,,
"""any agreement with russia isn't worth a broken penny,"" ukrainian presidential adviser mykhailo podolyak said.

""is‚Ä¶ https://t.co/l8ytjfygw6","any agreement with russia isnt worth a broken penny ukrainian presidential adviser mykhailo podolyak said

is‚Ä¶ httpstcol8ytjfygw6","""any agreement with russia isn't worth a broken penny "" ukrainian presidential adviser mykhailo podolyak said.

""is‚Ä¶ https://t.co/l8ytjfygw6","['any', 'agreement', 'with', 'russia', 'isnt', 'worth', 'a', 'broken', 'penny', 'ukrainian', 'presidential', 'adviser', 'mykhailo', 'podolyak', 'said', 'is', 'httpstcol8ytjfygw6']","['agreement', 'russia', 'isnt', 'worth', 'broken', 'penny', 'ukrainian', 'presidential', 'adviser', 'mykhailo', 'podolyak', 'said', 'httpstcol8ytjfygw6']","['agreement', 'russia', 'isnt', 'worth', 'broken', 'penni', 'ukrainian', 'presidenti', 'advis', 'mykhailo', 'podolyak', 'said', 'httpstcol8ytjfygw6']",-0.05000000000000002,0.25,,,,,
 ‚ö°Ô∏èthat's it! severodonetsk is under our complete control. the fascists are defeated. all their positions have been des‚Ä¶, ‚ö°Ô∏èthats it severodonetsk is under our complete control the fascists are defeated all their positions have been des‚Ä¶, ‚ö°Ô∏èthat's it  severodonetsk is under our complete control. the fascists are defeated. all their positions have been des‚Ä¶,"['', 'thats', 'it', 'severodonetsk', 'is', 'under', 'our', 'complete', 'control', 'the', 'fascists', 'are', 'defeated', 'all', 'their', 'positions', 'have', 'been', 'des', '']","['', 'thats', 'severodonetsk', 'complete', 'control', 'fascists', 'defeated', 'positions', 'des', '']","['', 'that', 'severodonetsk', 'complet', 'control', 'fascist', 'defeat', 'posit', 'de', '']",0.1,0.4,,,,,
"the mysterious verified spam comments explained https://t.co/fuex0sqg5p

#ukrainewar #ww3 #russiaukrainewar

https://t.co/caep2bf0dp","the mysterious verified spam comments explained httpstcofuexsqg5p

ukrainewar ww3 russiaukrainewar

httpstcocaep2bfdp","the mysterious verified spam comments explained https://t.co/fuex0sqg5p

#ukrainewar #ww3 #russiaukrainewar

https://t.co/caep2bf0dp","['the', 'mysterious', 'verified', 'spam', 'comments', 'explained', 'httpstcofuexsqg5p', 'ukrainewar', 'ww3', 'russiaukrainewar', 'httpstcocaep2bfdp']","['mysterious', 'verified', 'spam', 'comments', 'explained', 'httpstcofuexsqg5p', 'ukrainewar', 'ww3', 'russiaukrainewar', 'httpstcocaep2bfdp']","['mysteri', 'verifi', 'spam', 'comment', 'explain', 'httpstcofuexsqg5p', 'ukrainewar', 'ww3', 'russiaukrainewar', 'httpstcocaep2bfdp']",0.0,1.0,,,,,
" üá∑üá∫ russian naval movements üá∑üá∫
üïê271501z may - 281500z may 22 üïê
overview
- #rfnpetrmorgunov and #ropuchalst returned to sea‚Ä¶"," üá∑üá∫ russian naval movements üá∑üá∫
üïê27151z may  2815z may 22 üïê
overview
 rfnpetrmorgunov and ropuchalst returned to sea‚Ä¶"," üá∑üá∫ russian naval movements üá∑üá∫
üïê271501z may   281500z may 22 üïê
overview
  #rfnpetrmorgunov and #ropuchalst returned to sea‚Ä¶","['', 'russian', 'naval', 'movements', '27151z', 'may', '2815z', 'may', '22', 'overview', 'rfnpetrmorgunov', 'and', 'ropuchalst', 'returned', 'to', 'sea', '']","['', 'russian', 'naval', 'movements', '27151z', 'may', '2815z', 'may', '22', 'overview', 'rfnpetrmorgunov', 'ropuchalst', 'returned', 'sea', '']","['', 'russian', 'naval', 'movement', '27151z', 'may', '2815z', 'may', '22', 'overview', 'rfnpetrmorgunov', 'ropuchalst', 'return', 'sea', '']",0.0,0.0,,,,,
" russia launches¬†hypersonic missile capable of hitting a target 600 miles away
#hypersonic #icbm #ukraine #russia #sieviero‚Ä¶"," russia launches¬†hypersonic missile capable of hitting a target 6 miles away
hypersonic icbm ukraine russia sieviero‚Ä¶"," russia launches¬†hypersonic missile capable of hitting a target 600 miles away
#hypersonic #icbm #ukraine #russia #sieviero‚Ä¶","['', 'russia', 'launches', 'hypersonic', 'missile', 'capable', 'of', 'hitting', 'a', 'target', '6', 'miles', 'away', 'hypersonic', 'icbm', 'ukraine', 'russia', 'sieviero', '']","['', 'russia', 'launches', 'hypersonic', 'missile', 'capable', 'hitting', 'target', '6', 'miles', 'away', 'hypersonic', 'icbm', 'ukraine', 'russia', 'sieviero', '']","['', 'russia', 'launch', 'hyperson', 'missil', 'capabl', 'hit', 'target', '6', 'mile', 'away', 'hyperson', 'icbm', 'ukrain', 'russia', 'sieviero', '']",0.2,0.4,,,,,
" #zelensky: behind all these geopolitical speculations of those who advise ukraine to give away something to russia, ""gr‚Ä¶", zelensky behind all these geopolitical speculations of those who advise ukraine to give away something to russia gr‚Ä¶," #zelensky: behind all these geopolitical speculations of those who advise ukraine to give away something to russia  ""gr‚Ä¶","['', 'zelensky', 'behind', 'all', 'these', 'geopolitical', 'speculations', 'of', 'those', 'who', 'advise', 'ukraine', 'to', 'give', 'away', 'something', 'to', 'russia', 'gr', '']","['', 'zelensky', 'behind', 'geopolitical', 'speculations', 'advise', 'ukraine', 'give', 'away', 'something', 'russia', 'gr', '']","['', 'zelenski', 'behind', 'geopolit', 'specul', 'advis', 'ukrain', 'give', 'away', 'someth', 'russia', 'gr', '']",-0.4,0.7,,,,,
" what do politicians have to do to get back in touch with citizens who feel disappointed in #democracy?

@cipe_eea director‚Ä¶"," what do politicians have to do to get back in touch with citizens who feel disappointed in democracy

cipeeea director‚Ä¶"," what do politicians have to do to get back in touch with citizens who feel disappointed in #democracy?

 cipe_eea director‚Ä¶","['', 'what', 'do', 'politicians', 'have', 'to', 'do', 'to', 'get', 'back', 'in', 'touch', 'with', 'citizens', 'who', 'feel', 'disappointed', 'in', 'democracy', 'cipeeea', 'director', '']","['', 'politicians', 'get', 'back', 'touch', 'citizens', 'feel', 'disappointed', 'democracy', 'cipeeea', 'director', '']","['', 'politician', 'get', 'back', 'touch', 'citizen', 'feel', 'disappoint', 'democraci', 'cipeeea', 'director', '']",-0.375,0.375,,,,,
"russia launches¬†hypersonic missile capable of hitting a target 600 miles away
#hypersonic #icbm #ukraine #russia‚Ä¶ https://t.co/0uvbz6v7fk","russia launches¬†hypersonic missile capable of hitting a target 6 miles away
hypersonic icbm ukraine russia‚Ä¶ httpstcouvbz6v7fk","russia launches¬†hypersonic missile capable of hitting a target 600 miles away
#hypersonic #icbm #ukraine #russia‚Ä¶ https://t.co/0uvbz6v7fk","['russia', 'launches', 'hypersonic', 'missile', 'capable', 'of', 'hitting', 'a', 'target', '6', 'miles', 'away', 'hypersonic', 'icbm', 'ukraine', 'russia', 'httpstcouvbz6v7fk']","['russia', 'launches', 'hypersonic', 'missile', 'capable', 'hitting', 'target', '6', 'miles', 'away', 'hypersonic', 'icbm', 'ukraine', 'russia', 'httpstcouvbz6v7fk']","['russia', 'launch', 'hyperson', 'missil', 'capabl', 'hit', 'target', '6', 'mile', 'away', 'hyperson', 'icbm', 'ukrain', 'russia', 'httpstcouvbz6v7fk']",0.2,0.4,,,,,
"#davos2022 | as the world reels under the impact of #russiaukrainewar, what is the way forward? @shereenbhan talks‚Ä¶ https://t.co/33qccxbeuz",davos222  as the world reels under the impact of russiaukrainewar what is the way forward shereenbhan talks‚Ä¶ httpstco33qccxbeuz,#davos2022 | as the world reels under the impact of #russiaukrainewar  what is the way forward?  shereenbhan talks‚Ä¶ https://t.co/33qccxbeuz,"['davos222', 'as', 'the', 'world', 'reels', 'under', 'the', 'impact', 'of', 'russiaukrainewar', 'what', 'is', 'the', 'way', 'forward', 'shereenbhan', 'talks', 'httpstco33qccxbeuz']","['davos222', 'world', 'reels', 'impact', 'russiaukrainewar', 'way', 'forward', 'shereenbhan', 'talks', 'httpstco33qccxbeuz']","['davos222', 'world', 'reel', 'impact', 'russiaukrainewar', 'way', 'forward', 'shereenbhan', 'talk', 'httpstco33qccxbeuz']",0.0,0.0,,,,,
 ukrainian presidential adviser and peace talks negotiator mykhailo podolyak said on saturday that any agreement with russi‚Ä¶, ukrainian presidential adviser and peace talks negotiator mykhailo podolyak said on saturday that any agreement with russi‚Ä¶, ukrainian presidential adviser and peace talks negotiator mykhailo podolyak said on saturday that any agreement with russi‚Ä¶,"['', 'ukrainian', 'presidential', 'adviser', 'and', 'peace', 'talks', 'negotiator', 'mykhailo', 'podolyak', 'said', 'on', 'saturday', 'that', 'any', 'agreement', 'with', 'russi', '']","['', 'ukrainian', 'presidential', 'adviser', 'peace', 'talks', 'negotiator', 'mykhailo', 'podolyak', 'said', 'saturday', 'agreement', 'russi', '']","['', 'ukrainian', 'presidenti', 'advis', 'peac', 'talk', 'negoti', 'mykhailo', 'podolyak', 'said', 'saturday', 'agreement', 'russi', '']",0.0,0.0,,,,,
" france and germany warned by putin over arms supplies to ukraine
#ukraine #russia #sievierodonetsk #russiaukrainewar #russ‚Ä¶"," france and germany warned by putin over arms supplies to ukraine
ukraine russia sievierodonetsk russiaukrainewar russ‚Ä¶"," france and germany warned by putin over arms supplies to ukraine
#ukraine #russia #sievierodonetsk #russiaukrainewar #russ‚Ä¶","['', 'france', 'and', 'germany', 'warned', 'by', 'putin', 'over', 'arms', 'supplies', 'to', 'ukraine', 'ukraine', 'russia', 'sievierodonetsk', 'russiaukrainewar', 'russ', '']","['', 'france', 'germany', 'warned', 'putin', 'arms', 'supplies', 'ukraine', 'ukraine', 'russia', 'sievierodonetsk', 'russiaukrainewar', 'russ', '']","['', 'franc', 'germani', 'warn', 'putin', 'arm', 'suppli', 'ukrain', 'ukrain', 'russia', 'sievierodonetsk', 'russiaukrainewar', 'russ', '']",0.0,0.0,,,,,
" the russian navy on saturday conducted another test of a prospective hypersonic missile, a demonstration of the militar‚Ä¶", the russian navy on saturday conducted another test of a prospective hypersonic missile a demonstration of the militar‚Ä¶, the russian navy on saturday conducted another test of a prospective hypersonic missile  a demonstration of the militar‚Ä¶,"['', 'the', 'russian', 'navy', 'on', 'saturday', 'conducted', 'another', 'test', 'of', 'a', 'prospective', 'hypersonic', 'missile', 'a', 'demonstration', 'of', 'the', 'militar', '']","['', 'russian', 'navy', 'saturday', 'conducted', 'another', 'test', 'prospective', 'hypersonic', 'missile', 'demonstration', 'militar', '']","['', 'russian', 'navi', 'saturday', 'conduct', 'anoth', 'test', 'prospect', 'hyperson', 'missil', 'demonstr', 'militar', '']",0.0,0.0,,,,,
"#zelensky: behind all these geopolitical speculations of those who advise ukraine to give away something to russia,‚Ä¶ https://t.co/5qwqnri1b6",zelensky behind all these geopolitical speculations of those who advise ukraine to give away something to russia‚Ä¶ httpstco5qwqnri1b6,#zelensky: behind all these geopolitical speculations of those who advise ukraine to give away something to russia ‚Ä¶ https://t.co/5qwqnri1b6,"['zelensky', 'behind', 'all', 'these', 'geopolitical', 'speculations', 'of', 'those', 'who', 'advise', 'ukraine', 'to', 'give', 'away', 'something', 'to', 'russia', 'httpstco5qwqnri1b6']","['zelensky', 'behind', 'geopolitical', 'speculations', 'advise', 'ukraine', 'give', 'away', 'something', 'russia', 'httpstco5qwqnri1b6']","['zelenski', 'behind', 'geopolit', 'specul', 'advis', 'ukrain', 'give', 'away', 'someth', 'russia', 'httpstco5qwqnri1b6']",-0.4,0.7,,,,,
#russiaukrainewar #volodymyrzelensky zelensky reports 'barbaric strikes' as putin removes military age limit: the u‚Ä¶ https://t.co/whm7sj6dq0,russiaukrainewar volodymyrzelensky zelensky reports barbaric strikes as putin removes military age limit the u‚Ä¶ httpstcowhm7sj6dq,#russiaukrainewar #volodymyrzelensky zelensky reports 'barbaric strikes' as putin removes military age limit: the u‚Ä¶ https://t.co/whm7sj6dq0,"['russiaukrainewar', 'volodymyrzelensky', 'zelensky', 'reports', 'barbaric', 'strikes', 'as', 'putin', 'removes', 'military', 'age', 'limit', 'the', 'u', 'httpstcowhm7sj6dq']","['russiaukrainewar', 'volodymyrzelensky', 'zelensky', 'reports', 'barbaric', 'strikes', 'putin', 'removes', 'military', 'age', 'limit', 'u', 'httpstcowhm7sj6dq']","['russiaukrainewar', 'volodymyrzelenski', 'zelenski', 'report', 'barbar', 'strike', 'putin', 'remov', 'militari', 'age', 'limit', 'u', 'httpstcowhm7sj6dq']",-0.1,0.1,,,,,
what is #domesticimplementation of crimes under #internationalcriminallaw? is it necessary or obligatory? this üßµdis‚Ä¶ https://t.co/h7sxfslgw8,what is domesticimplementation of crimes under internationalcriminallaw is it necessary or obligatory this üßµdis‚Ä¶ httpstcoh7sxfslgw8,what is #domesticimplementation of crimes under #internationalcriminallaw? is it necessary or obligatory? this üßµdis‚Ä¶ https://t.co/h7sxfslgw8,"['what', 'is', 'domesticimplementation', 'of', 'crimes', 'under', 'internationalcriminallaw', 'is', 'it', 'necessary', 'or', 'obligatory', 'this', 'dis', 'httpstcoh7sxfslgw8']","['domesticimplementation', 'crimes', 'internationalcriminallaw', 'necessary', 'obligatory', 'dis', 'httpstcoh7sxfslgw8']","['domesticimplement', 'crime', 'internationalcriminallaw', 'necessari', 'obligatori', 'di', 'httpstcoh7sxfslgw8']",0.0,1.0,,,,,
#russiaukrainewar wars end when you run out of bullets and or bodies. i think that some people say they want it to‚Ä¶ https://t.co/svy2l8rrf8,russiaukrainewar wars end when you run out of bullets and or bodies i think that some people say they want it to‚Ä¶ httpstcosvy2l8rrf8,#russiaukrainewar wars end when you run out of bullets and or bodies. i think that some people say they want it to‚Ä¶ https://t.co/svy2l8rrf8,"['russiaukrainewar', 'wars', 'end', 'when', 'you', 'run', 'out', 'of', 'bullets', 'and', 'or', 'bodies', 'i', 'think', 'that', 'some', 'people', 'say', 'they', 'want', 'it', 'to', 'httpstcosvy2l8rrf8']","['russiaukrainewar', 'wars', 'end', 'run', 'bullets', 'bodies', 'think', 'people', 'say', 'want', 'httpstcosvy2l8rrf8']","['russiaukrainewar', 'war', 'end', 'run', 'bullet', 'bodi', 'think', 'peopl', 'say', 'want', 'httpstcosvy2l8rrf8']",0.0,0.0,,,,,
"visit- https://t.co/ywl9ht4moe

my #new #tshirt
#tshirts #tshirtstore #design #fitness #shirt #tshirtdesign #cats‚Ä¶ https://t.co/cojomfxtr5","visit httpstcoywlht4moe

my new tshirt
tshirts tshirtstore design fitness shirt tshirtdesign cats‚Ä¶ httpstcocojomfxtr5","visit  https://t.co/ywl9ht4moe

my #new #tshirt
#tshirts #tshirtstore #design #fitness #shirt #tshirtdesign #cats‚Ä¶ https://t.co/cojomfxtr5","['visit', 'httpstcoywlht4moe', 'my', 'new', 'tshirt', 'tshirts', 'tshirtstore', 'design', 'fitness', 'shirt', 'tshirtdesign', 'cats', 'httpstcocojomfxtr5']","['visit', 'httpstcoywlht4moe', 'new', 'tshirt', 'tshirts', 'tshirtstore', 'design', 'fitness', 'shirt', 'tshirtdesign', 'cats', 'httpstcocojomfxtr5']","['visit', 'httpstcoywlht4mo', 'new', 'tshirt', 'tshirt', 'tshirtstor', 'design', 'fit', 'shirt', 'tshirtdesign', 'cat', 'httpstcocojomfxtr5']",0.13636363636363635,0.45454545454545453,,,,,
this time traveller just announced a new species will emerge after ground opens up later this year‚Ä¶ https://t.co/sbyj2ujir4,this time traveller just announced a new species will emerge after ground opens up later this year‚Ä¶ httpstcosbyj2ujir4,this time traveller just announced a new species will emerge after ground opens up later this year‚Ä¶ https://t.co/sbyj2ujir4,"['this', 'time', 'traveller', 'just', 'announced', 'a', 'new', 'species', 'will', 'emerge', 'after', 'ground', 'opens', 'up', 'later', 'this', 'year', 'httpstcosbyj2ujir4']","['time', 'traveller', 'announced', 'new', 'species', 'emerge', 'ground', 'opens', 'later', 'year', 'httpstcosbyj2ujir4']","['time', 'travel', 'announc', 'new', 'speci', 'emerg', 'ground', 'open', 'later', 'year', 'httpstcosbyj2ujir4']",0.06818181818181818,0.22727272727272727,,,,,
" badass patrol of ukrainian troopers somewhere in ukraine.

#ukraine #russiaukrainewar #russiagohome #ukrainian https://‚Ä¶"," badass patrol of ukrainian troopers somewhere in ukraine

ukraine russiaukrainewar russiagohome ukrainian https‚Ä¶"," badass patrol of ukrainian troopers somewhere in ukraine.

#ukraine #russiaukrainewar #russiagohome #ukrainian https://‚Ä¶","['', 'badass', 'patrol', 'of', 'ukrainian', 'troopers', 'somewhere', 'in', 'ukraine', 'ukraine', 'russiaukrainewar', 'russiagohome', 'ukrainian', 'https', '']","['', 'badass', 'patrol', 'ukrainian', 'troopers', 'somewhere', 'ukraine', 'ukraine', 'russiaukrainewar', 'russiagohome', 'ukrainian', 'https', '']","['', 'badass', 'patrol', 'ukrainian', 'trooper', 'somewher', 'ukrain', 'ukrain', 'russiaukrainewar', 'russiagohom', 'ukrainian', 'http', '']",0.0,0.0,,,,,
 iran announced the detention of two greek oil tankers in the persian gulf in response to us actions. the greek foreign mi‚Ä¶, iran announced the detention of two greek oil tankers in the persian gulf in response to us actions the greek foreign mi‚Ä¶, iran announced the detention of two greek oil tankers in the persian gulf in response to us actions. the greek foreign mi‚Ä¶,"['', 'iran', 'announced', 'the', 'detention', 'of', 'two', 'greek', 'oil', 'tankers', 'in', 'the', 'persian', 'gulf', 'in', 'response', 'to', 'us', 'actions', 'the', 'greek', 'foreign', 'mi', '']","['', 'iran', 'announced', 'detention', 'two', 'greek', 'oil', 'tankers', 'persian', 'gulf', 'response', 'us', 'actions', 'greek', 'foreign', 'mi', '']","['', 'iran', 'announc', 'detent', 'two', 'greek', 'oil', 'tanker', 'persian', 'gulf', 'respons', 'us', 'action', 'greek', 'foreign', 'mi', '']",-0.041666666666666664,0.041666666666666664,,,,,
 karl negammer warned putin that the austrian government would disappropriate gazprom's large underground storage facility‚Ä¶, karl negammer warned putin that the austrian government would disappropriate gazproms large underground storage facility‚Ä¶, karl negammer warned putin that the austrian government would disappropriate gazprom's large underground storage facility‚Ä¶,"['', 'karl', 'negammer', 'warned', 'putin', 'that', 'the', 'austrian', 'government', 'would', 'disappropriate', 'gazproms', 'large', 'underground', 'storage', 'facility', '']","['', 'karl', 'negammer', 'warned', 'putin', 'austrian', 'government', 'would', 'disappropriate', 'gazproms', 'large', 'underground', 'storage', 'facility', '']","['', 'karl', 'negamm', 'warn', 'putin', 'austrian', 'govern', 'would', 'disappropri', 'gazprom', 'larg', 'underground', 'storag', 'facil', '']",0.21428571428571427,0.42857142857142855,,,,,
"france and germany warned by putin over arms supplies to ukraine
#ukraine #russia #sievierodonetsk‚Ä¶ https://t.co/ibyp3zlmw0","france and germany warned by putin over arms supplies to ukraine
ukraine russia sievierodonetsk‚Ä¶ httpstcoibyp3zlmw","france and germany warned by putin over arms supplies to ukraine
#ukraine #russia #sievierodonetsk‚Ä¶ https://t.co/ibyp3zlmw0","['france', 'and', 'germany', 'warned', 'by', 'putin', 'over', 'arms', 'supplies', 'to', 'ukraine', 'ukraine', 'russia', 'sievierodonetsk', 'httpstcoibyp3zlmw']","['france', 'germany', 'warned', 'putin', 'arms', 'supplies', 'ukraine', 'ukraine', 'russia', 'sievierodonetsk', 'httpstcoibyp3zlmw']","['franc', 'germani', 'warn', 'putin', 'arm', 'suppli', 'ukrain', 'ukrain', 'russia', 'sievierodonetsk', 'httpstcoibyp3zlmw']",0.0,0.0,,,,,
" severodonetsk, luhansk region is the hottest place on the map right now.
russian occupiers are trying to take control ove‚Ä¶"," severodonetsk luhansk region is the hottest place on the map right now
russian occupiers are trying to take control ove‚Ä¶"," severodonetsk  luhansk region is the hottest place on the map right now.
russian occupiers are trying to take control ove‚Ä¶","['', 'severodonetsk', 'luhansk', 'region', 'is', 'the', 'hottest', 'place', 'on', 'the', 'map', 'right', 'now', 'russian', 'occupiers', 'are', 'trying', 'to', 'take', 'control', 'ove', '']","['', 'severodonetsk', 'luhansk', 'region', 'hottest', 'place', 'map', 'right', 'russian', 'occupiers', 'trying', 'take', 'control', 'ove', '']","['', 'severodonetsk', 'luhansk', 'region', 'hottest', 'place', 'map', 'right', 'russian', 'occupi', 'tri', 'take', 'control', 'ove', '']",0.14285714285714285,0.26785714285714285,,,,,
" russia presses eastern ukraine, zelensky says situation 'very difficult'

#russiaukrainewar 

https://t.co/opyipvoity"," russia presses eastern ukraine zelensky says situation very difficult

russiaukrainewar 

httpstcoopyipvoity"," russia presses eastern ukraine  zelensky says situation 'very difficult'

#russiaukrainewar 

https://t.co/opyipvoity","['', 'russia', 'presses', 'eastern', 'ukraine', 'zelensky', 'says', 'situation', 'very', 'difficult', 'russiaukrainewar', 'httpstcoopyipvoity']","['', 'russia', 'presses', 'eastern', 'ukraine', 'zelensky', 'says', 'situation', 'difficult', 'russiaukrainewar', 'httpstcoopyipvoity']","['', 'russia', 'press', 'eastern', 'ukrain', 'zelenski', 'say', 'situat', 'difficult', 'russiaukrainewar', 'httpstcoopyipvo']",-0.65,1.0,,,,,
" üóìÔ∏è sat. 5/28/22
üïñ 7pm pt | 10pm et
‚ñ∂Ô∏è https://t.co/nz05tudhoa

ü™ñ when the bombs drop w/ james f. ponder 

#russia #rus‚Ä¶"," üóìÔ∏è sat 52822
üïñ 7pm pt  1pm et
‚ñ∂Ô∏è httpstconz5tudhoa

ü™ñ when the bombs drop w james f ponder 

russia rus‚Ä¶"," üóìÔ∏è sat. 5/28/22
üïñ 7pm pt | 10pm et
‚ñ∂Ô∏è https://t.co/nz05tudhoa

ü™ñ when the bombs drop w/ james f. ponder 

#russia #rus‚Ä¶","['', 'sat', '52822', '7pm', 'pt', '1pm', 'et', 'httpstconz5tudhoa', 'when', 'the', 'bombs', 'drop', 'w', 'james', 'f', 'ponder', 'russia', 'rus', '']","['', 'sat', '52822', '7pm', 'pt', '1pm', 'et', 'httpstconz5tudhoa', 'bombs', 'drop', 'w', 'james', 'f', 'ponder', 'russia', 'rus', '']","['', 'sat', '52822', '7pm', 'pt', '1pm', 'et', 'httpstconz5tudhoa', 'bomb', 'drop', 'w', 'jame', 'f', 'ponder', 'russia', 'ru', '']",0.0,0.0,,,,,
" the death toll in svatove town raises to 3 after an #ukrainian tochka-u bombing.
#war #russia #ukraine #russiaukrainewar #uk‚Ä¶"," the death toll in svatove town raises to 3 after an ukrainian tochkau bombing
war russia ukraine russiaukrainewar uk‚Ä¶"," the death toll in svatove town raises to 3 after an #ukrainian tochka u bombing.
#war #russia #ukraine #russiaukrainewar #uk‚Ä¶","['', 'the', 'death', 'toll', 'in', 'svatove', 'town', 'raises', 'to', '3', 'after', 'an', 'ukrainian', 'tochkau', 'bombing', 'war', 'russia', 'ukraine', 'russiaukrainewar', 'uk', '']","['', 'death', 'toll', 'svatove', 'town', 'raises', '3', 'ukrainian', 'tochkau', 'bombing', 'war', 'russia', 'ukraine', 'russiaukrainewar', 'uk', '']","['', 'death', 'toll', 'svatov', 'town', 'rais', '3', 'ukrainian', 'tochkau', 'bomb', 'war', 'russia', 'ukrain', 'russiaukrainewar', 'uk', '']",0.0,0.0,,,,,
" #nowplaying: ü™ñ when the bombs drop w/ james f. ponder

‚ñ∂Ô∏è https://t.co/323nlgec4k
#nuclearwar #nuclearweapons #russiau‚Ä¶"," nowplaying ü™ñ when the bombs drop w james f ponder

‚ñ∂Ô∏è httpstco323nlgec4k
nuclearwar nuclearweapons russiau‚Ä¶"," #nowplaying: ü™ñ when the bombs drop w/ james f. ponder

‚ñ∂Ô∏è https://t.co/323nlgec4k
#nuclearwar #nuclearweapons #russiau‚Ä¶","['', 'nowplaying', 'when', 'the', 'bombs', 'drop', 'w', 'james', 'f', 'ponder', 'httpstco323nlgec4k', 'nuclearwar', 'nuclearweapons', 'russiau', '']","['', 'nowplaying', 'bombs', 'drop', 'w', 'james', 'f', 'ponder', 'httpstco323nlgec4k', 'nuclearwar', 'nuclearweapons', 'russiau', '']","['', 'nowplay', 'bomb', 'drop', 'w', 'jame', 'f', 'ponder', 'httpstco323nlgec4k', 'nuclearwar', 'nuclearweapon', 'russiau', '']",0.0,0.0,,,,,
russian ops in ukraine: west changes tune as russian gains continue https://t.co/9g5ba8tzzs via @youtube #ukraine‚Ä¶ https://t.co/06cokymttm,russian ops in ukraine west changes tune as russian gains continue httpstcog5ba8tzzs via youtube ukraine‚Ä¶ httpstco6cokymttm,russian ops in ukraine: west changes tune as russian gains continue https://t.co/9g5ba8tzzs via  youtube #ukraine‚Ä¶ https://t.co/06cokymttm,"['russian', 'ops', 'in', 'ukraine', 'west', 'changes', 'tune', 'as', 'russian', 'gains', 'continue', 'httpstcog5ba8tzzs', 'via', 'youtube', 'ukraine', 'httpstco6cokymttm']","['russian', 'ops', 'ukraine', 'west', 'changes', 'tune', 'russian', 'gains', 'continue', 'httpstcog5ba8tzzs', 'via', 'youtube', 'ukraine', 'httpstco6cokymttm']","['russian', 'op', 'ukrain', 'west', 'chang', 'tune', 'russian', 'gain', 'continu', 'httpstcog5ba8tzz', 'via', 'youtub', 'ukrain', 'httpstco6cokymttm']",0.0,0.0,,,,,
media calls ukranian surrender an ‚Äúevacuation.‚Äù no kidding. #russiaukrainewar #media,media calls ukranian surrender an ‚Äúevacuation‚Äù no kidding russiaukrainewar media,media calls ukranian surrender an ‚Äúevacuation.‚Äù no kidding. #russiaukrainewar #media,"['media', 'calls', 'ukranian', 'surrender', 'an', 'evacuation', 'no', 'kidding', 'russiaukrainewar', 'media']","['media', 'calls', 'ukranian', 'surrender', 'evacuation', 'kidding', 'russiaukrainewar', 'media']","['media', 'call', 'ukranian', 'surrend', 'evacu', 'kid', 'russiaukrainewar', 'media']",0.0,0.0,,,,,
 russia - ukraine war: an ex-spy has said ‚Äòcancer-riddled‚Äô putin surrounded by doctors üò∑ #putin  #russia #rusia #russian #ru‚Ä¶, russia  ukraine war an exspy has said ‚Äòcancerriddled‚Äô putin surrounded by doctors üò∑ putin  russia rusia russian ru‚Ä¶, russia   ukraine war: an ex spy has said ‚Äòcancer riddled‚Äô putin surrounded by doctors üò∑ #putin  #russia #rusia #russian #ru‚Ä¶,"['', 'russia', 'ukraine', 'war', 'an', 'exspy', 'has', 'said', 'cancerriddled', 'putin', 'surrounded', 'by', 'doctors', 'putin', 'russia', 'rusia', 'russian', 'ru', '']","['', 'russia', 'ukraine', 'war', 'exspy', 'said', 'cancerriddled', 'putin', 'surrounded', 'doctors', 'putin', 'russia', 'rusia', 'russian', 'ru', '']","['', 'russia', 'ukrain', 'war', 'exspi', 'said', 'cancerriddl', 'putin', 'surround', 'doctor', 'putin', 'russia', 'rusia', 'russian', 'ru', '']",0.0,0.0,,,,,
 slovak translation of @readthemaple article containing my interview that #russiaukrainewar could have been avoided or p‚Ä¶, slovak translation of readthemaple article containing my interview that russiaukrainewar could have been avoided or p‚Ä¶, slovak translation of  readthemaple article containing my interview that #russiaukrainewar could have been avoided or p‚Ä¶,"['', 'slovak', 'translation', 'of', 'readthemaple', 'article', 'containing', 'my', 'interview', 'that', 'russiaukrainewar', 'could', 'have', 'been', 'avoided', 'or', 'p', '']","['', 'slovak', 'translation', 'readthemaple', 'article', 'containing', 'interview', 'russiaukrainewar', 'could', 'avoided', 'p', '']","['', 'slovak', 'translat', 'readthemapl', 'articl', 'contain', 'interview', 'russiaukrainewar', 'could', 'avoid', 'p', '']",0.0,0.0,,,,,
"today is the birthday of severodonetsk. the city continues to resist! ukraine will win!
#ukraineresist‚Ä¶ https://t.co/r3d8mjhyis","today is the birthday of severodonetsk the city continues to resist ukraine will win
ukraineresist‚Ä¶ httpstcor3d8mjhyis","today is the birthday of severodonetsk. the city continues to resist  ukraine will win 
#ukraineresist‚Ä¶ https://t.co/r3d8mjhyis","['today', 'is', 'the', 'birthday', 'of', 'severodonetsk', 'the', 'city', 'continues', 'to', 'resist', 'ukraine', 'will', 'win', 'ukraineresist', 'httpstcor3d8mjhyis']","['today', 'birthday', 'severodonetsk', 'city', 'continues', 'resist', 'ukraine', 'win', 'ukraineresist', 'httpstcor3d8mjhyis']","['today', 'birthday', 'severodonetsk', 'citi', 'continu', 'resist', 'ukrain', 'win', 'ukraineresist', 'httpstcor3d8mjhyi']",1.0,0.4,,,,,
 #blinken has laid his anti-china agenda&amp; described #china as the ‚Äúmost serious long-term challenge to the international(‚Äúcou‚Ä¶, blinken has laid his antichina agendaamp described china as the ‚Äúmost serious longterm challenge to the international‚Äúcou‚Ä¶, #blinken has laid his anti china agenda&amp; described #china as the ‚Äúmost serious long term challenge to the international(‚Äúcou‚Ä¶,"['', 'blinken', 'has', 'laid', 'his', 'antichina', 'agendaamp', 'described', 'china', 'as', 'the', 'most', 'serious', 'longterm', 'challenge', 'to', 'the', 'international', 'cou', '']","['', 'blinken', 'laid', 'antichina', 'agendaamp', 'described', 'china', 'serious', 'longterm', 'challenge', 'international', 'cou', '']","['', 'blinken', 'laid', 'antichina', 'agendaamp', 'describ', 'china', 'seriou', 'longterm', 'challeng', 'intern', 'cou', '']",0.05555555555555556,0.38888888888888884,,,,,
the internet of everything - our relationship with the internet | dw documentary https://t.co/c9imqx8jdh‚Ä¶ https://t.co/6jtyo2g9qk,the internet of everything  our relationship with the internet  dw documentary httpstcocimqx8jdh‚Ä¶ httpstco6jtyo2gqk,the internet of everything   our relationship with the internet | dw documentary https://t.co/c9imqx8jdh‚Ä¶ https://t.co/6jtyo2g9qk,"['the', 'internet', 'of', 'everything', 'our', 'relationship', 'with', 'the', 'internet', 'dw', 'documentary', 'httpstcocimqx8jdh', 'httpstco6jtyo2gqk']","['internet', 'everything', 'relationship', 'internet', 'dw', 'documentary', 'httpstcocimqx8jdh', 'httpstco6jtyo2gqk']","['internet', 'everyth', 'relationship', 'internet', 'dw', 'documentari', 'httpstcocimqx8jdh', 'httpstco6jtyo2gqk']",0.0,0.0,,,,,
 #russiaukrainewar #russianwarcrimes #putinwarcriminal may all those criminals r*t in hell where they belong https://t.co/‚Ä¶, russiaukrainewar russianwarcrimes putinwarcriminal may all those criminals rt in hell where they belong httpstco‚Ä¶, #russiaukrainewar #russianwarcrimes #putinwarcriminal may all those criminals r*t in hell where they belong https://t.co/‚Ä¶,"['', 'russiaukrainewar', 'russianwarcrimes', 'putinwarcriminal', 'may', 'all', 'those', 'criminals', 'rt', 'in', 'hell', 'where', 'they', 'belong', 'httpstco', '']","['', 'russiaukrainewar', 'russianwarcrimes', 'putinwarcriminal', 'may', 'criminals', 'rt', 'hell', 'belong', 'httpstco', '']","['', 'russiaukrainewar', 'russianwarcrim', 'putinwarcrimin', 'may', 'crimin', 'rt', 'hell', 'belong', 'httpstco', '']",0.0,0.0,,,,,
"russia takes small cities, aims to widen east ukraine battle https://t.co/jacrfhwshi #aims #battle #cities #east‚Ä¶ https://t.co/rzth5hbceb",russia takes small cities aims to widen east ukraine battle httpstcojacrfhwshi aims battle cities east‚Ä¶ httpstcorzth5hbceb,russia takes small cities  aims to widen east ukraine battle https://t.co/jacrfhwshi #aims #battle #cities #east‚Ä¶ https://t.co/rzth5hbceb,"['russia', 'takes', 'small', 'cities', 'aims', 'to', 'widen', 'east', 'ukraine', 'battle', 'httpstcojacrfhwshi', 'aims', 'battle', 'cities', 'east', 'httpstcorzth5hbceb']","['russia', 'takes', 'small', 'cities', 'aims', 'widen', 'east', 'ukraine', 'battle', 'httpstcojacrfhwshi', 'aims', 'battle', 'cities', 'east', 'httpstcorzth5hbceb']","['russia', 'take', 'small', 'citi', 'aim', 'widen', 'east', 'ukrain', 'battl', 'httpstcojacrfhwshi', 'aim', 'battl', 'citi', 'east', 'httpstcorzth5hbceb']",-0.25,0.4,,,,,
"in the donbas of the former russian-made afghan mi-17 helicopter, transferred by the us to ukraine as military assi‚Ä¶ https://t.co/hofewlmzud",in the donbas of the former russianmade afghan mi17 helicopter transferred by the us to ukraine as military assi‚Ä¶ httpstcohofewlmzud,in the donbas of the former russian made afghan mi 17 helicopter  transferred by the us to ukraine as military assi‚Ä¶ https://t.co/hofewlmzud,"['in', 'the', 'donbas', 'of', 'the', 'former', 'russianmade', 'afghan', 'mi17', 'helicopter', 'transferred', 'by', 'the', 'us', 'to', 'ukraine', 'as', 'military', 'assi', 'httpstcohofewlmzud']","['donbas', 'former', 'russianmade', 'afghan', 'mi17', 'helicopter', 'transferred', 'us', 'ukraine', 'military', 'assi', 'httpstcohofewlmzud']","['donba', 'former', 'russianmad', 'afghan', 'mi17', 'helicopt', 'transfer', 'us', 'ukrain', 'militari', 'assi', 'httpstcohofewlmzud']",-0.05,0.05,,,,,
"in the donbas of the former russian-made afghan mi-17 helicopter, transferred by the us to ukraine as military assi‚Ä¶ https://t.co/9e4u6eklxu",in the donbas of the former russianmade afghan mi17 helicopter transferred by the us to ukraine as military assi‚Ä¶ httpstcoe4u6eklxu,in the donbas of the former russian made afghan mi 17 helicopter  transferred by the us to ukraine as military assi‚Ä¶ https://t.co/9e4u6eklxu,"['in', 'the', 'donbas', 'of', 'the', 'former', 'russianmade', 'afghan', 'mi17', 'helicopter', 'transferred', 'by', 'the', 'us', 'to', 'ukraine', 'as', 'military', 'assi', 'httpstcoe4u6eklxu']","['donbas', 'former', 'russianmade', 'afghan', 'mi17', 'helicopter', 'transferred', 'us', 'ukraine', 'military', 'assi', 'httpstcoe4u6eklxu']","['donba', 'former', 'russianmad', 'afghan', 'mi17', 'helicopt', 'transfer', 'us', 'ukrain', 'militari', 'assi', 'httpstcoe4u6eklxu']",-0.05,0.05,,,,,
"russian combact footage from maruipol part 1

#specialmilitaryoperation
#russianukrainianwar #russiaukrainewar‚Ä¶ https://t.co/rt6o4xhjr7","russian combact footage from maruipol part 1

specialmilitaryoperation
russianukrainianwar russiaukrainewar‚Ä¶ httpstcort6o4xhjr7","russian combact footage from maruipol part 1

#specialmilitaryoperation
#russianukrainianwar #russiaukrainewar‚Ä¶ https://t.co/rt6o4xhjr7","['russian', 'combact', 'footage', 'from', 'maruipol', 'part', '1', 'specialmilitaryoperation', 'russianukrainianwar', 'russiaukrainewar', 'httpstcort6o4xhjr7']","['russian', 'combact', 'footage', 'maruipol', 'part', '1', 'specialmilitaryoperation', 'russianukrainianwar', 'russiaukrainewar', 'httpstcort6o4xhjr7']","['russian', 'combact', 'footag', 'maruipol', 'part', '1', 'specialmilitaryoper', 'russianukrainianwar', 'russiaukrainewar', 'httpstcort6o4xhjr7']",0.0,0.0,,,,,
"in the donbas of the former russian-made afghan mi-17 helicopter, transferred by the us to ukraine as military assi‚Ä¶ https://t.co/xrovadayht",in the donbas of the former russianmade afghan mi17 helicopter transferred by the us to ukraine as military assi‚Ä¶ httpstcoxrovadayht,in the donbas of the former russian made afghan mi 17 helicopter  transferred by the us to ukraine as military assi‚Ä¶ https://t.co/xrovadayht,"['in', 'the', 'donbas', 'of', 'the', 'former', 'russianmade', 'afghan', 'mi17', 'helicopter', 'transferred', 'by', 'the', 'us', 'to', 'ukraine', 'as', 'military', 'assi', 'httpstcoxrovadayht']","['donbas', 'former', 'russianmade', 'afghan', 'mi17', 'helicopter', 'transferred', 'us', 'ukraine', 'military', 'assi', 'httpstcoxrovadayht']","['donba', 'former', 'russianmad', 'afghan', 'mi17', 'helicopt', 'transfer', 'us', 'ukrain', 'militari', 'assi', 'httpstcoxrovadayht']",-0.05,0.05,,,,,
"these are children's drawings about the war in ukraine that russia started.
#russiaukrainewar #ukrainestrong‚Ä¶ https://t.co/d8onsyimot","these are childrens drawings about the war in ukraine that russia started
russiaukrainewar ukrainestrong‚Ä¶ httpstcod8onsyimot","these are children's drawings about the war in ukraine that russia started.
#russiaukrainewar #ukrainestrong‚Ä¶ https://t.co/d8onsyimot","['these', 'are', 'childrens', 'drawings', 'about', 'the', 'war', 'in', 'ukraine', 'that', 'russia', 'started', 'russiaukrainewar', 'ukrainestrong', 'httpstcod8onsyimot']","['childrens', 'drawings', 'war', 'ukraine', 'russia', 'started', 'russiaukrainewar', 'ukrainestrong', 'httpstcod8onsyimot']","['children', 'draw', 'war', 'ukrain', 'russia', 'start', 'russiaukrainewar', 'ukrainestrong', 'httpstcod8onsyimot']",0.0,0.0,,,,,
