text,punct,symb,tokenized,nonstop,stemmed,polarity,subjectivity,sentiment
"@itsss_shivam ho jayega bhaiya, all the very best. give it ur all. my wishes with u‚ù§Ô∏è",itsssshivam ho jayega bhaiya all the very best give it ur all my wishes with u‚ù§Ô∏è, itsss_shivam ho jayega bhaiya  all the very best. give it ur all. my wishes with u‚ù§Ô∏è,"['itsssshivam', 'ho', 'jayega', 'bhaiya', 'all', 'the', 'very', 'best', 'give', 'it', 'ur', 'all', 'my', 'wishes', 'with', 'u', '']","['itsssshivam', 'ho', 'jayega', 'bhaiya', 'best', 'give', 'ur', 'wishes', 'u', '']","['itsssshivam', 'ho', 'jayega', 'bhaiya', 'best', 'give', 'ur', 'wish', 'u', '']",1.0,0.39,positive
@siddiqui_fariy thank youüåü,siddiquifariy thank youüåü, siddiqui_fariy thank youüåü,"['siddiquifariy', 'thank', 'you', '']","['siddiquifariy', 'thank', '']","['siddiquifariy', 'thank', '']",0.0,0.0,
" our professional @shivamgaba22 showed great insights on 13th apr'22 on the movement of nifty.
nifty touched 15800 which was‚Ä¶"," our professional shivamgaba22 showed great insights on 13th apr22 on the movement of nifty
nifty touched 158 which was‚Ä¶"," our professional  shivamgaba22 showed great insights on 13th apr'22 on the movement of nifty.
nifty touched 15800 which was‚Ä¶","['', 'our', 'professional', 'shivamgaba22', 'showed', 'great', 'insights', 'on', '13th', 'apr22', 'on', 'the', 'movement', 'of', 'nifty', 'nifty', 'touched', '158', 'which', 'was', '']","['', 'professional', 'shivamgaba22', 'showed', 'great', 'insights', '13th', 'apr22', 'movement', 'nifty', 'nifty', 'touched', '158', '']","['', 'profession', 'shivamgaba22', 'show', 'great', 'insight', '13th', 'apr22', 'movement', 'nifti', 'nifti', 'touch', '158', '']",0.3,0.2833333333333333,
 shivam dube's wife with @msdhoni üòç https://t.co/yxenuctsx1, shivam dubes wife with msdhoni üòç httpstcoyxenuctsx1, shivam dube's wife with  msdhoni üòç https://t.co/yxenuctsx1,"['', 'shivam', 'dubes', 'wife', 'with', 'msdhoni', 'httpstcoyxenuctsx1']","['', 'shivam', 'dubes', 'wife', 'msdhoni', 'httpstcoyxenuctsx1']","['', 'shivam', 'dube', 'wife', 'msdhoni', 'httpstcoyxenuctsx1']",0.0,0.0,
@itsss_shivam all the best bhai üëçüëç,itsssshivam all the best bhai üëçüëç, itsss_shivam all the best bhai üëçüëç,"['itsssshivam', 'all', 'the', 'best', 'bhai', '']","['itsssshivam', 'best', 'bhai', '']","['itsssshivam', 'best', 'bhai', '']",1.0,0.3,
madness https://t.co/feviukkgys,madness httpstcofeviukkgys,madness https://t.co/feviukkgys,"['madness', 'httpstcofeviukkgys']","['madness', 'httpstcofeviukkgys']","['mad', 'httpstcofeviukkgi']",0.0,0.0,
@itsss_shivam good luck shivam,itsssshivam good luck shivam, itsss_shivam good luck shivam,"['itsssshivam', 'good', 'luck', 'shivam']","['itsssshivam', 'good', 'luck', 'shivam']","['itsssshivam', 'good', 'luck', 'shivam']",0.7,0.6000000000000001,
"really!?! when will you stop this biased crap kind journalism?
shame on you @thelallantop 
#boycottthelallantop https://t.co/z2fftokgaz","really when will you stop this biased crap kind journalism
shame on you thelallantop 
boycottthelallantop httpstcoz2fftokgaz","really ?  when will you stop this biased crap kind journalism?
shame on you  thelallantop 
#boycottthelallantop https://t.co/z2fftokgaz","['really', 'when', 'will', 'you', 'stop', 'this', 'biased', 'crap', 'kind', 'journalism', 'shame', 'on', 'you', 'thelallantop', 'boycottthelallantop', 'httpstcoz2fftokgaz']","['really', 'stop', 'biased', 'crap', 'kind', 'journalism', 'shame', 'thelallantop', 'boycottthelallantop', 'httpstcoz2fftokgaz']","['realli', 'stop', 'bias', 'crap', 'kind', 'journal', 'shame', 'thelallantop', 'boycottthelallantop', 'httpstcoz2fftokgaz']",0.03749999999999998,0.6333333333333333,
just 7 more days for upsc prelims and anxiety on peaküò¨,just 7 more days for upsc prelims and anxiety on peaküò¨,just 7 more days for upsc prelims and anxiety on peaküò¨,"['just', '7', 'more', 'days', 'for', 'upsc', 'prelims', 'and', 'anxiety', 'on', 'peak', '']","['7', 'days', 'upsc', 'prelims', 'anxiety', 'peak', '']","['7', 'day', 'upsc', 'prelim', 'anxieti', 'peak', '']",0.5,0.5,
" people talk a lot about australia lost a war to emus; or how dangerous it is cos of the crocodiles, or the snakes or whatever‚Ä¶", people talk a lot about australia lost a war to emus or how dangerous it is cos of the crocodiles or the snakes or whatever‚Ä¶, people talk a lot about australia lost a war to emus; or how dangerous it is cos of the crocodiles  or the snakes or whatever‚Ä¶,"['', 'people', 'talk', 'a', 'lot', 'about', 'australia', 'lost', 'a', 'war', 'to', 'emus', 'or', 'how', 'dangerous', 'it', 'is', 'cos', 'of', 'the', 'crocodiles', 'or', 'the', 'snakes', 'or', 'whatever', '']","['', 'people', 'talk', 'lot', 'australia', 'lost', 'war', 'emus', 'dangerous', 'cos', 'crocodiles', 'snakes', 'whatever', '']","['', 'peopl', 'talk', 'lot', 'australia', 'lost', 'war', 'emu', 'danger', 'co', 'crocodil', 'snake', 'whatev', '']",-0.6,0.9,
" then #naagin6 new promo launched, that's soo amazing with the twist i was waiting for long üòÇ i wanted mahek to be villian‚Ä¶", then naagin6 new promo launched thats soo amazing with the twist i was waiting for long üòÇ i wanted mahek to be villian‚Ä¶, then #naagin6 new promo launched  that's soo amazing with the twist i was waiting for long üòÇ i wanted mahek to be villian‚Ä¶,"['', 'then', 'naagin6', 'new', 'promo', 'launched', 'thats', 'soo', 'amazing', 'with', 'the', 'twist', 'i', 'was', 'waiting', 'for', 'long', 'i', 'wanted', 'mahek', 'to', 'be', 'villian', '']","['', 'naagin6', 'new', 'promo', 'launched', 'thats', 'soo', 'amazing', 'twist', 'waiting', 'long', 'wanted', 'mahek', 'villian', '']","['', 'naagin6', 'new', 'promo', 'launch', 'that', 'soo', 'amaz', 'twist', 'wait', 'long', 'want', 'mahek', 'villian', '']",0.2287878787878788,0.5848484848484848,
literally saw this as whatsapp status from my contacts who r not even #salmankhan fans :p https://t.co/g82nrmmjtw,literally saw this as whatsapp status from my contacts who r not even salmankhan fans p httpstcog82nrmmjtw,literally saw this as whatsapp status from my contacts who r not even #salmankhan fans :p https://t.co/g82nrmmjtw,"['literally', 'saw', 'this', 'as', 'whatsapp', 'status', 'from', 'my', 'contacts', 'who', 'r', 'not', 'even', 'salmankhan', 'fans', 'p', 'httpstcog82nrmmjtw']","['literally', 'saw', 'whatsapp', 'status', 'contacts', 'r', 'even', 'salmankhan', 'fans', 'p', 'httpstcog82nrmmjtw']","['liter', 'saw', 'whatsapp', 'statu', 'contact', 'r', 'even', 'salmankhan', 'fan', 'p', 'httpstcog82nrmmjtw']",0.75,1.0,
@2704_sonam it's recorded go to shivam acc that available in there,274sonam its recorded go to shivam acc that available in there, 2704_sonam it's recorded go to shivam acc that available in there,"['274sonam', 'its', 'recorded', 'go', 'to', 'shivam', 'acc', 'that', 'available', 'in', 'there']","['274sonam', 'recorded', 'go', 'shivam', 'acc', 'available']","['274sonam', 'record', 'go', 'shivam', 'acc', 'avail']",0.4,0.4,
"@2704_sonam it's the same space (of shivam) &amp; recorded,u can check from there",274sonam its the same space of shivam amp recordedu can check from there, 2704_sonam it's the same space (of shivam) &amp; recorded u can check from there,"['274sonam', 'its', 'the', 'same', 'space', 'of', 'shivam', 'amp', 'recordedu', 'can', 'check', 'from', 'there']","['274sonam', 'space', 'shivam', 'amp', 'recordedu', 'check']","['274sonam', 'space', 'shivam', 'amp', 'recordedu', 'check']",0.0,0.125,
 not a salman khan fan but this video proves that why he is called stud .. the king who doesn't need his queen and in realti‚Ä¶, not a salman khan fan but this video proves that why he is called stud  the king who doesnt need his queen and in realti‚Ä¶, not a salman khan fan but this video proves that why he is called stud .. the king who doesn't need his queen and in realti‚Ä¶,"['', 'not', 'a', 'salman', 'khan', 'fan', 'but', 'this', 'video', 'proves', 'that', 'why', 'he', 'is', 'called', 'stud', 'the', 'king', 'who', 'doesnt', 'need', 'his', 'queen', 'and', 'in', 'realti', '']","['', 'salman', 'khan', 'fan', 'video', 'proves', 'called', 'stud', 'king', 'doesnt', 'need', 'queen', 'realti', '']","['', 'salman', 'khan', 'fan', 'video', 'prove', 'call', 'stud', 'king', 'doesnt', 'need', 'queen', 'realti', '']",0.3,0.0,
" my new fragrance 1965 oud is now available across the uae, at blsh stores in lulu hypermarkets.
also rolling out acros‚Ä¶"," my new fragrance 165 oud is now available across the uae at blsh stores in lulu hypermarkets
also rolling out acros‚Ä¶"," my new fragrance 1965 oud is now available across the uae  at blsh stores in lulu hypermarkets.
also rolling out acros‚Ä¶","['', 'my', 'new', 'fragrance', '165', 'oud', 'is', 'now', 'available', 'across', 'the', 'uae', 'at', 'blsh', 'stores', 'in', 'lulu', 'hypermarkets', 'also', 'rolling', 'out', 'acros', '']","['', 'new', 'fragrance', '165', 'oud', 'available', 'across', 'uae', 'blsh', 'stores', 'lulu', 'hypermarkets', 'also', 'rolling', 'acros', '']","['', 'new', 'fragranc', '165', 'oud', 'avail', 'across', 'uae', 'blsh', 'store', 'lulu', 'hypermarket', 'also', 'roll', 'acro', '']",0.2681818181818182,0.42727272727272725,
" #sos for #blood
gopal mangal (patient) from sabalgarh, admitted in jah hospital, #gwalior
urgent #requirement o+ blood 3 uni‚Ä¶"," sos for blood
gopal mangal patient from sabalgarh admitted in jah hospital gwalior
urgent requirement o blood 3 uni‚Ä¶"," #sos for #blood
gopal mangal (patient) from sabalgarh  admitted in jah hospital  #gwalior
urgent #requirement o+ blood 3 uni‚Ä¶","['', 'sos', 'for', 'blood', 'gopal', 'mangal', 'patient', 'from', 'sabalgarh', 'admitted', 'in', 'jah', 'hospital', 'gwalior', 'urgent', 'requirement', 'o', 'blood', '3', 'uni', '']","['', 'sos', 'blood', 'gopal', 'mangal', 'patient', 'sabalgarh', 'admitted', 'jah', 'hospital', 'gwalior', 'urgent', 'requirement', 'blood', '3', 'uni', '']","['', 'so', 'blood', 'gopal', 'mangal', 'patient', 'sabalgarh', 'admit', 'jah', 'hospit', 'gwalior', 'urgent', 'requir', 'blood', '3', 'uni', '']",0.0,0.0,
"@profdilipmandal bhaiya chutiyo ka bundle, we are not talking about marriage age, we are talking about age differen‚Ä¶ https://t.co/smof2pkg8l",profdilipmandal bhaiya chutiyo ka bundle we are not talking about marriage age we are talking about age differen‚Ä¶ httpstcosmof2pkg8l, profdilipmandal bhaiya chutiyo ka bundle  we are not talking about marriage age  we are talking about age differen‚Ä¶ https://t.co/smof2pkg8l,"['profdilipmandal', 'bhaiya', 'chutiyo', 'ka', 'bundle', 'we', 'are', 'not', 'talking', 'about', 'marriage', 'age', 'we', 'are', 'talking', 'about', 'age', 'differen', 'httpstcosmof2pkg8l']","['profdilipmandal', 'bhaiya', 'chutiyo', 'ka', 'bundle', 'talking', 'marriage', 'age', 'talking', 'age', 'differen', 'httpstcosmof2pkg8l']","['profdilipmand', 'bhaiya', 'chutiyo', 'ka', 'bundl', 'talk', 'marriag', 'age', 'talk', 'age', 'differen', 'httpstcosmof2pkg8l']",0.0,0.0,
@riyaaaa0103 shivam acc check kar u will get there,riyaaaa13 shivam acc check kar u will get there, riyaaaa0103 shivam acc check kar u will get there,"['riyaaaa13', 'shivam', 'acc', 'check', 'kar', 'u', 'will', 'get', 'there']","['riyaaaa13', 'shivam', 'acc', 'check', 'kar', 'u', 'get']","['riyaaaa13', 'shivam', 'acc', 'check', 'kar', 'u', 'get']",0.0,0.0,
"6 month ago , i realised that buy good stocks at the right price and hold them.",6 month ago  i realised that buy good stocks at the right price and hold them,6 month ago   i realised that buy good stocks at the right price and hold them.,"['6', 'month', 'ago', 'i', 'realised', 'that', 'buy', 'good', 'stocks', 'at', 'the', 'right', 'price', 'and', 'hold', 'them']","['6', 'month', 'ago', 'realised', 'buy', 'good', 'stocks', 'right', 'price', 'hold']","['6', 'month', 'ago', 'realis', 'buy', 'good', 'stock', 'right', 'price', 'hold']",0.4928571428571428,0.5678571428571428,
" hindutva or hindu dharma does not lead to god but it seeks union with the ultimate reality shiva. ‚Äì shivo bhutva, shiv‚Ä¶", hindutva or hindu dharma does not lead to god but it seeks union with the ultimate reality shiva  shivo bhutva shiv‚Ä¶, hindutva or hindu dharma does not lead to god but it seeks union with the ultimate reality shiva. ‚Äì shivo bhutva  shiv‚Ä¶,"['', 'hindutva', 'or', 'hindu', 'dharma', 'does', 'not', 'lead', 'to', 'god', 'but', 'it', 'seeks', 'union', 'with', 'the', 'ultimate', 'reality', 'shiva', 'shivo', 'bhutva', 'shiv', '']","['', 'hindutva', 'hindu', 'dharma', 'lead', 'god', 'seeks', 'union', 'ultimate', 'reality', 'shiva', 'shivo', 'bhutva', 'shiv', '']","['', 'hindutva', 'hindu', 'dharma', 'lead', 'god', 'seek', 'union', 'ultim', 'realiti', 'shiva', 'shivo', 'bhutva', 'shiv', '']",0.0,1.0,
" respect each and every hour of your day. !!
a slow start does not mean a bad day !!

#sundaymorning #sundayvibe #positiv‚Ä¶"," respect each and every hour of your day 
a slow start does not mean a bad day 

sundaymorning sundayvibe positiv‚Ä¶"," respect each and every hour of your day.  
a slow start does not mean a bad day  

#sundaymorning #sundayvibe #positiv‚Ä¶","['', 'respect', 'each', 'and', 'every', 'hour', 'of', 'your', 'day', 'a', 'slow', 'start', 'does', 'not', 'mean', 'a', 'bad', 'day', 'sundaymorning', 'sundayvibe', 'positiv', '']","['', 'respect', 'every', 'hour', 'day', 'slow', 'start', 'mean', 'bad', 'day', 'sundaymorning', 'sundayvibe', 'positiv', '']","['', 'respect', 'everi', 'hour', 'day', 'slow', 'start', 'mean', 'bad', 'day', 'sundaymorn', 'sundayvib', 'positiv', '']",-0.38125000000000003,0.5847222222222221,
@nextbiiiionairs @shebas_10dulkar if they would play like shivam dube and robi then possible,nextbiiiionairs shebas1dulkar if they would play like shivam dube and robi then possible, nextbiiiionairs  shebas_10dulkar if they would play like shivam dube and robi then possible,"['nextbiiiionairs', 'shebas1dulkar', 'if', 'they', 'would', 'play', 'like', 'shivam', 'dube', 'and', 'robi', 'then', 'possible']","['nextbiiiionairs', 'shebas1dulkar', 'would', 'play', 'like', 'shivam', 'dube', 'robi', 'possible']","['nextbiiiionair', 'shebas1dulkar', 'would', 'play', 'like', 'shivam', 'dube', 'robi', 'possibl']",0.0,1.0,
@shivam_sidheart @beingsalmankhan m good ‚ù§Ô∏è shivam ü•∞,shivamsidheart beingsalmankhan m good ‚ù§Ô∏è shivam ü•∞, shivam_sidheart  beingsalmankhan m good ‚ù§Ô∏è shivam ü•∞,"['shivamsidheart', 'beingsalmankhan', 'm', 'good', 'shivam', '']","['shivamsidheart', 'beingsalmankhan', 'good', 'shivam', '']","['shivamsidheart', 'beingsalmankhan', 'good', 'shivam', '']",0.7,0.6000000000000001,
@shivam_0703 we have responded to your raised concern via dm and we request you to please check the same.,shivam73 we have responded to your raised concern via dm and we request you to please check the same, shivam_0703 we have responded to your raised concern via dm and we request you to please check the same.,"['shivam73', 'we', 'have', 'responded', 'to', 'your', 'raised', 'concern', 'via', 'dm', 'and', 'we', 'request', 'you', 'to', 'please', 'check', 'the', 'same']","['shivam73', 'responded', 'raised', 'concern', 'via', 'dm', 'request', 'please', 'check']","['shivam73', 'respond', 'rais', 'concern', 'via', 'dm', 'request', 'pleas', 'check']",0.0,0.125,
"@drshivamagrawal hi shivam, we always strive to go above and beyond for our customers and deliver delight with the‚Ä¶ https://t.co/cgetbhmw6k",drshivamagrawal hi shivam we always strive to go above and beyond for our customers and deliver delight with the‚Ä¶ httpstcocgetbhmw6k, drshivamagrawal hi shivam  we always strive to go above and beyond for our customers and deliver delight with the‚Ä¶ https://t.co/cgetbhmw6k,"['drshivamagrawal', 'hi', 'shivam', 'we', 'always', 'strive', 'to', 'go', 'above', 'and', 'beyond', 'for', 'our', 'customers', 'and', 'deliver', 'delight', 'with', 'the', 'httpstcocgetbhmw6k']","['drshivamagrawal', 'hi', 'shivam', 'always', 'strive', 'go', 'beyond', 'customers', 'deliver', 'delight', 'httpstcocgetbhmw6k']","['drshivamagraw', 'hi', 'shivam', 'alway', 'strive', 'go', 'beyond', 'custom', 'deliv', 'delight', 'httpstcocgetbhmw6k']",0.0,0.1,
"@stregismumbai thanks to your team of awesome people, our 2 months stay has been bliss. chef athar, chef paul, chef‚Ä¶ https://t.co/bfmdtv6cky",stregismumbai thanks to your team of awesome people our 2 months stay has been bliss chef athar chef paul chef‚Ä¶ httpstcobfmdtv6cky, stregismumbai thanks to your team of awesome people  our 2 months stay has been bliss. chef athar  chef paul  chef‚Ä¶ https://t.co/bfmdtv6cky,"['stregismumbai', 'thanks', 'to', 'your', 'team', 'of', 'awesome', 'people', 'our', '2', 'months', 'stay', 'has', 'been', 'bliss', 'chef', 'athar', 'chef', 'paul', 'chef', 'httpstcobfmdtv6cky']","['stregismumbai', 'thanks', 'team', 'awesome', 'people', '2', 'months', 'stay', 'bliss', 'chef', 'athar', 'chef', 'paul', 'chef', 'httpstcobfmdtv6cky']","['stregismumbai', 'thank', 'team', 'awesom', 'peopl', '2', 'month', 'stay', 'bliss', 'chef', 'athar', 'chef', 'paul', 'chef', 'httpstcobfmdtv6cki']",0.6,0.6,
@shivam_sidheart gm shivam ‚ú®‚ù§Ô∏è,shivamsidheart gm shivam ‚ú®‚ù§Ô∏è, shivam_sidheart gm shivam ‚ú®‚ù§Ô∏è,"['shivamsidheart', 'gm', 'shivam', '']","['shivamsidheart', 'gm', 'shivam', '']","['shivamsidheart', 'gm', 'shivam', '']",0.0,0.0,
use brave and save yourself from insane marketing and advertisements.,use brave and save yourself from insane marketing and advertisements,use brave and save yourself from insane marketing and advertisements.,"['use', 'brave', 'and', 'save', 'yourself', 'from', 'insane', 'marketing', 'and', 'advertisements']","['use', 'brave', 'save', 'insane', 'marketing', 'advertisements']","['use', 'brave', 'save', 'insan', 'market', 'advertis']",-0.09999999999999998,1.0,
"got to know a new thing but sounds irrelevant.

in many countries comma is used instead of decimal point.","got to know a new thing but sounds irrelevant

in many countries comma is used instead of decimal point","got to know a new thing but sounds irrelevant.

in many countries comma is used instead of decimal point.","['got', 'to', 'know', 'a', 'new', 'thing', 'but', 'sounds', 'irrelevant', 'in', 'many', 'countries', 'comma', 'is', 'used', 'instead', 'of', 'decimal', 'point']","['got', 'know', 'new', 'thing', 'sounds', 'irrelevant', 'many', 'countries', 'comma', 'used', 'instead', 'decimal', 'point']","['got', 'know', 'new', 'thing', 'sound', 'irrelev', 'mani', 'countri', 'comma', 'use', 'instead', 'decim', 'point']",0.04545454545454545,0.6515151515151515,
@aarush_singhal @ayy_ayaan @pyarapizza so they gonna steal your favourite playlist.,aarushsinghal ayyayaan pyarapizza so they gonna steal your favourite playlist, aarush_singhal  ayy_ayaan  pyarapizza so they gonna steal your favourite playlist.,"['aarushsinghal', 'ayyayaan', 'pyarapizza', 'so', 'they', 'gonna', 'steal', 'your', 'favourite', 'playlist']","['aarushsinghal', 'ayyayaan', 'pyarapizza', 'gonna', 'steal', 'favourite', 'playlist']","['aarushsingh', 'ayyayaan', 'pyarapizza', 'gonna', 'steal', 'favourit', 'playlist']",0.0,0.0,
" the principal conceptions of medical ethics are not the sole preserve of the west. i write about caraka‚Äôs oath, the fount of‚Ä¶", the principal conceptions of medical ethics are not the sole preserve of the west i write about caraka‚Äôs oath the fount of‚Ä¶, the principal conceptions of medical ethics are not the sole preserve of the west. i write about caraka‚Äôs oath  the fount of‚Ä¶,"['', 'the', 'principal', 'conceptions', 'of', 'medical', 'ethics', 'are', 'not', 'the', 'sole', 'preserve', 'of', 'the', 'west', 'i', 'write', 'about', 'caraka', 's', 'oath', 'the', 'fount', 'of', '']","['', 'principal', 'conceptions', 'medical', 'ethics', 'sole', 'preserve', 'west', 'write', 'caraka', 'oath', 'fount', '']","['', 'princip', 'concept', 'medic', 'ethic', 'sole', 'preserv', 'west', 'write', 'caraka', 'oath', 'fount', '']",0.0,0.125,
" 11 uplifting visuals to brighten your mood:

1. https://t.co/nkyljq9bkz"," 11 uplifting visuals to brighten your mood

1 httpstconkyljqbkz"," 11 uplifting visuals to brighten your mood:

1. https://t.co/nkyljq9bkz","['', '11', 'uplifting', 'visuals', 'to', 'brighten', 'your', 'mood', '1', 'httpstconkyljqbkz']","['', '11', 'uplifting', 'visuals', 'brighten', 'mood', '1', 'httpstconkyljqbkz']","['', '11', 'uplift', 'visual', 'brighten', 'mood', '1', 'httpstconkyljqbkz']",0.0,0.0,
" @witchdctralex you have blessed me immensely in so many ways, alex. i thank you back. shivam is a gem üíé ‚ú®. so very kin‚Ä¶", witchdctralex you have blessed me immensely in so many ways alex i thank you back shivam is a gem üíé ‚ú® so very kin‚Ä¶,  witchdctralex you have blessed me immensely in so many ways  alex. i thank you back. shivam is a gem üíé ‚ú®. so very kin‚Ä¶,"['', 'witchdctralex', 'you', 'have', 'blessed', 'me', 'immensely', 'in', 'so', 'many', 'ways', 'alex', 'i', 'thank', 'you', 'back', 'shivam', 'is', 'a', 'gem', 'so', 'very', 'kin', '']","['', 'witchdctralex', 'blessed', 'immensely', 'many', 'ways', 'alex', 'thank', 'back', 'shivam', 'gem', 'kin', '']","['', 'witchdctralex', 'bless', 'immens', 'mani', 'way', 'alex', 'thank', 'back', 'shivam', 'gem', 'kin', '']",0.2333333333333333,0.26666666666666666,
" shivam dube forgot to turn off ig comment section and csghay fixer pans attacked him. worst fanbase for a reason
but re‚Ä¶"," shivam dube forgot to turn off ig comment section and csghay fixer pans attacked him worst fanbase for a reason
but re‚Ä¶"," shivam dube forgot to turn off ig comment section and csghay fixer pans attacked him. worst fanbase for a reason
but re‚Ä¶","['', 'shivam', 'dube', 'forgot', 'to', 'turn', 'off', 'ig', 'comment', 'section', 'and', 'csghay', 'fixer', 'pans', 'attacked', 'him', 'worst', 'fanbase', 'for', 'a', 'reason', 'but', 're', '']","['', 'shivam', 'dube', 'forgot', 'turn', 'ig', 'comment', 'section', 'csghay', 'fixer', 'pans', 'attacked', 'worst', 'fanbase', 'reason', '']","['', 'shivam', 'dube', 'forgot', 'turn', 'ig', 'comment', 'section', 'csghay', 'fixer', 'pan', 'attack', 'worst', 'fanbas', 'reason', '']",-1.0,1.0,
@indian93305872 @naresh7msdian @ganesh06914465 @msdian_ssrian @msdhoni anjum is pure muslim follower means kattar m‚Ä¶ https://t.co/zv4wixudep,indian335872 naresh7msdian ganesh614465 msdianssrian msdhoni anjum is pure muslim follower means kattar m‚Ä¶ httpstcozv4wixudep, indian93305872  naresh7msdian  ganesh06914465  msdian_ssrian  msdhoni anjum is pure muslim follower means kattar m‚Ä¶ https://t.co/zv4wixudep,"['indian335872', 'naresh7msdian', 'ganesh614465', 'msdianssrian', 'msdhoni', 'anjum', 'is', 'pure', 'muslim', 'follower', 'means', 'kattar', 'm', 'httpstcozv4wixudep']","['indian335872', 'naresh7msdian', 'ganesh614465', 'msdianssrian', 'msdhoni', 'anjum', 'pure', 'muslim', 'follower', 'means', 'kattar', 'httpstcozv4wixudep']","['indian335872', 'naresh7msdian', 'ganesh614465', 'msdianssrian', 'msdhoni', 'anjum', 'pure', 'muslim', 'follow', 'mean', 'kattar', 'httpstcozv4wixudep']",0.21428571428571427,0.5,
 love you the most @shraddhakapoor üíúüíúüíúüíò‚ú®ü•∞ü•∞ https://t.co/eaqjzrjglq, love you the most shraddhakapoor üíúüíúüíúüíò‚ú®ü•∞ü•∞ httpstcoeaqjzrjglq, love you the most  shraddhakapoor üíúüíúüíúüíò‚ú®ü•∞ü•∞ https://t.co/eaqjzrjglq,"['', 'love', 'you', 'the', 'most', 'shraddhakapoor', 'httpstcoeaqjzrjglq']","['', 'love', 'shraddhakapoor', 'httpstcoeaqjzrjglq']","['', 'love', 'shraddhakapoor', 'httpstcoeaqjzrjglq']",0.5,0.55,
 good morningü§ç https://t.co/jzc7ukjr2k, good morningü§ç httpstcojzc7ukjr2k, good morningü§ç https://t.co/jzc7ukjr2k,"['', 'good', 'morning', 'httpstcojzc7ukjr2k']","['', 'good', 'morning', 'httpstcojzc7ukjr2k']","['', 'good', 'morn', 'httpstcojzc7ukjr2k']",0.7,0.6000000000000001,
 facts üíØ https://t.co/sby2vkevrs, facts üíØ httpstcosby2vkevrs, facts üíØ https://t.co/sby2vkevrs,"['', 'facts', 'httpstcosby2vkevrs']","['', 'facts', 'httpstcosby2vkevrs']","['', 'fact', 'httpstcosby2vkevr']",0.0,0.0,
@liateoffl @astha38312392 @rvcj_fb exactly üòÇ kch aise word h jo sirf hm eastern up bihar wale log use krte h,liateoffl astha3831232 rvcjfb exactly üòÇ kch aise word h jo sirf hm eastern up bihar wale log use krte h, liateoffl  astha38312392  rvcj_fb exactly üòÇ kch aise word h jo sirf hm eastern up bihar wale log use krte h,"['liateoffl', 'astha3831232', 'rvcjfb', 'exactly', 'kch', 'aise', 'word', 'h', 'jo', 'sirf', 'hm', 'eastern', 'up', 'bihar', 'wale', 'log', 'use', 'krte', 'h']","['liateoffl', 'astha3831232', 'rvcjfb', 'exactly', 'kch', 'aise', 'word', 'h', 'jo', 'sirf', 'hm', 'eastern', 'bihar', 'wale', 'log', 'use', 'krte', 'h']","['liateoffl', 'astha3831232', 'rvcjfb', 'exactli', 'kch', 'ais', 'word', 'h', 'jo', 'sirf', 'hm', 'eastern', 'bihar', 'wale', 'log', 'use', 'krte', 'h']",0.25,0.25,
"_4/4
17. choosing the right over the pleasant is a sign of power.

18. let go, let's move to union with god.‚Ä¶ https://t.co/tz1hogckbw","44
17 choosing the right over the pleasant is a sign of power

18 let go lets move to union with god‚Ä¶ httpstcotz1hogckbw","_4/4
17. choosing the right over the pleasant is a sign of power.

18. let go  let's move to union with god.‚Ä¶ https://t.co/tz1hogckbw","['44', '17', 'choosing', 'the', 'right', 'over', 'the', 'pleasant', 'is', 'a', 'sign', 'of', 'power', '18', 'let', 'go', 'lets', 'move', 'to', 'union', 'with', 'god', 'httpstcotz1hogckbw']","['44', '17', 'choosing', 'right', 'pleasant', 'sign', 'power', '18', 'let', 'go', 'lets', 'move', 'union', 'god', 'httpstcotz1hogckbw']","['44', '17', 'choos', 'right', 'pleasant', 'sign', 'power', '18', 'let', 'go', 'let', 'move', 'union', 'god', 'httpstcotz1hogckbw']",0.5095238095238095,0.7511904761904762,
what da dog doin,what da dog doin,what da dog doin,"['what', 'da', 'dog', 'doin']","['da', 'dog', 'doin']","['da', 'dog', 'doin']",0.0,0.0,
@indian93305872 @naresh7msdian @ganesh06914465 @msdian_ssrian @msdhoni yes....shivam dube was trolled massively aft‚Ä¶ https://t.co/fcwut8p8ka,indian335872 naresh7msdian ganesh614465 msdianssrian msdhoni yesshivam dube was trolled massively aft‚Ä¶ httpstcofcwut8p8ka, indian93305872  naresh7msdian  ganesh06914465  msdian_ssrian  msdhoni yes....shivam dube was trolled massively aft‚Ä¶ https://t.co/fcwut8p8ka,"['indian335872', 'naresh7msdian', 'ganesh614465', 'msdianssrian', 'msdhoni', 'yesshivam', 'dube', 'was', 'trolled', 'massively', 'aft', 'httpstcofcwut8p8ka']","['indian335872', 'naresh7msdian', 'ganesh614465', 'msdianssrian', 'msdhoni', 'yesshivam', 'dube', 'trolled', 'massively', 'aft', 'httpstcofcwut8p8ka']","['indian335872', 'naresh7msdian', 'ganesh614465', 'msdianssrian', 'msdhoni', 'yesshivam', 'dube', 'troll', 'massiv', 'aft', 'httpstcofcwut8p8ka']",0.0,1.0,
" jump(k)ing after the wicket üòç

#msdhoni https://t.co/k37lrncc7h"," jumpking after the wicket üòç

msdhoni httpstcok37lrncc7h"," jump(k)ing after the wicket üòç

#msdhoni https://t.co/k37lrncc7h","['', 'jumpking', 'after', 'the', 'wicket', 'msdhoni', 'httpstcok37lrncc7h']","['', 'jumpking', 'wicket', 'msdhoni', 'httpstcok37lrncc7h']","['', 'jumpk', 'wicket', 'msdhoni', 'httpstcok37lrncc7h']",0.0,0.0,
" life is made of ever so many partings welded together.¬†

sher pratik will conquer kkk12"," life is made of ever so many partings welded together¬†

sher pratik will conquer kkk12"," life is made of ever so many partings welded together.¬†

sher pratik will conquer kkk12","['', 'life', 'is', 'made', 'of', 'ever', 'so', 'many', 'partings', 'welded', 'together', 'sher', 'pratik', 'will', 'conquer', 'kkk12']","['', 'life', 'made', 'ever', 'many', 'partings', 'welded', 'together', 'sher', 'pratik', 'conquer', 'kkk12']","['', 'life', 'made', 'ever', 'mani', 'part', 'weld', 'togeth', 'sher', 'pratik', 'conquer', 'kkk12']",0.5,0.5,
 one person can change the world. that person can be you., one person can change the world that person can be you, one person can change the world. that person can be you.,"['', 'one', 'person', 'can', 'change', 'the', 'world', 'that', 'person', 'can', 'be', 'you']","['', 'one', 'person', 'change', 'world', 'person']","['', 'one', 'person', 'chang', 'world', 'person']",0.0,0.0,
@gemlin1222 oh my god the click clacking,gemlin1222 oh my god the click clacking, gemlin1222 oh my god the click clacking,"['gemlin1222', 'oh', 'my', 'god', 'the', 'click', 'clacking']","['gemlin1222', 'oh', 'god', 'click', 'clacking']","['gemlin1222', 'oh', 'god', 'click', 'clack']",0.0,0.0,
happy birthday @anupriya005 god bless you. ‚ú®‚ú®,happy birthday anupriya5 god bless you ‚ú®‚ú®,happy birthday  anupriya005 god bless you. ‚ú®‚ú®,"['happy', 'birthday', 'anupriya5', 'god', 'bless', 'you', '']","['happy', 'birthday', 'anupriya5', 'god', 'bless', '']","['happi', 'birthday', 'anupriya5', 'god', 'bless', '']",0.8,1.0,
@wtfdivs shivam ka space sunle,wtfdivs shivam ka space sunle, wtfdivs shivam ka space sunle,"['wtfdivs', 'shivam', 'ka', 'space', 'sunle']","['wtfdivs', 'shivam', 'ka', 'space', 'sunle']","['wtfdiv', 'shivam', 'ka', 'space', 'sunl']",0.0,0.0,
@journoshivam thank you shivamüíú,journoshivam thank you shivamüíú, journoshivam thank you shivamüíú,"['journoshivam', 'thank', 'you', 'shivam', '']","['journoshivam', 'thank', 'shivam', '']","['journoshivam', 'thank', 'shivam', '']",0.0,0.0,
"@witchdctralex you have blessed me immensely in so many ways, alex. i thank you back. shivam is a gem üíé ‚ú®. so very kind and intelligent.",witchdctralex you have blessed me immensely in so many ways alex i thank you back shivam is a gem üíé ‚ú® so very kind and intelligent, witchdctralex you have blessed me immensely in so many ways  alex. i thank you back. shivam is a gem üíé ‚ú®. so very kind and intelligent.,"['witchdctralex', 'you', 'have', 'blessed', 'me', 'immensely', 'in', 'so', 'many', 'ways', 'alex', 'i', 'thank', 'you', 'back', 'shivam', 'is', 'a', 'gem', 'so', 'very', 'kind', 'and', 'intelligent']","['witchdctralex', 'blessed', 'immensely', 'many', 'ways', 'alex', 'thank', 'back', 'shivam', 'gem', 'kind', 'intelligent']","['witchdctralex', 'bless', 'immens', 'mani', 'way', 'alex', 'thank', 'back', 'shivam', 'gem', 'kind', 'intellig']",0.52,0.6,
@lol_shivam i've heard sex with your best does that to ppl üôÉ,lolshivam ive heard sex with your best does that to ppl üôÉ, lol_shivam i've heard sex with your best does that to ppl üôÉ,"['lolshivam', 'ive', 'heard', 'sex', 'with', 'your', 'best', 'does', 'that', 'to', 'ppl', '']","['lolshivam', 'ive', 'heard', 'sex', 'best', 'ppl', '']","['lolshivam', 'ive', 'heard', 'sex', 'best', 'ppl', '']",1.0,0.3,
@shivam_bisht99 thanx shivam ‚ù§Ô∏èü§ó,shivambisht thanx shivam ‚ù§Ô∏èü§ó, shivam_bisht99 thanx shivam ‚ù§Ô∏èü§ó,"['shivambisht', 'thanx', 'shivam', '']","['shivambisht', 'thanx', 'shivam', '']","['shivambisht', 'thanx', 'shivam', '']",0.0,0.0,
" #pathalapathala #andavarswag #vikramfromjune3 
happy to see lot of support coming from social media for #vikram . in twit‚Ä¶"," pathalapathala andavarswag vikramfromjune3 
happy to see lot of support coming from social media for vikram  in twit‚Ä¶"," #pathalapathala #andavarswag #vikramfromjune3 
happy to see lot of support coming from social media for #vikram . in twit‚Ä¶","['', 'pathalapathala', 'andavarswag', 'vikramfromjune3', 'happy', 'to', 'see', 'lot', 'of', 'support', 'coming', 'from', 'social', 'media', 'for', 'vikram', 'in', 'twit', '']","['', 'pathalapathala', 'andavarswag', 'vikramfromjune3', 'happy', 'see', 'lot', 'support', 'coming', 'social', 'media', 'vikram', 'twit', '']","['', 'pathalapathala', 'andavarswag', 'vikramfromjune3', 'happi', 'see', 'lot', 'support', 'come', 'social', 'media', 'vikram', 'twit', '']",0.4166666666666667,0.5333333333333333,
@thisissurreal_ shivam is a delight and i only wish him well. haters gon hate,thisissurreal shivam is a delight and i only wish him well haters gon hate, thisissurreal_ shivam is a delight and i only wish him well. haters gon hate,"['thisissurreal', 'shivam', 'is', 'a', 'delight', 'and', 'i', 'only', 'wish', 'him', 'well', 'haters', 'gon', 'hate']","['thisissurreal', 'shivam', 'delight', 'wish', 'well', 'haters', 'gon', 'hate']","['thisissurr', 'shivam', 'delight', 'wish', 'well', 'hater', 'gon', 'hate']",-0.4,0.95,
 45 habits that are killing you:, 45 habits that are killing you, 45 habits that are killing you:,"['', '45', 'habits', 'that', 'are', 'killing', 'you']","['', '45', 'habits', 'killing']","['', '45', 'habit', 'kill']",0.0,0.0,
@hema_sharma18 congratulationsüéâüéâ hema,hemasharma18 congratulationsüéâüéâ hema, hema_sharma18 congratulationsüéâüéâ hema,"['hemasharma18', 'congratulations', 'hema']","['hemasharma18', 'congratulations', 'hema']","['hemasharma18', 'congratul', 'hema']",0.0,0.0,
first we should invest in ourself then create a active income .after focusing on building asset not liabilities and‚Ä¶ https://t.co/4lbgpfj7va,first we should invest in ourself then create a active income after focusing on building asset not liabilities and‚Ä¶ httpstco4lbgpfj7va,first we should invest in ourself then create a active income .after focusing on building asset not liabilities and‚Ä¶ https://t.co/4lbgpfj7va,"['first', 'we', 'should', 'invest', 'in', 'ourself', 'then', 'create', 'a', 'active', 'income', 'after', 'focusing', 'on', 'building', 'asset', 'not', 'liabilities', 'and', 'httpstco4lbgpfj7va']","['first', 'invest', 'ourself', 'create', 'active', 'income', 'focusing', 'building', 'asset', 'liabilities', 'httpstco4lbgpfj7va']","['first', 'invest', 'ourself', 'creat', 'activ', 'incom', 'focus', 'build', 'asset', 'liabil', 'httpstco4lbgpfj7va']",0.058333333333333334,0.4666666666666667,
god bless you thank you and we love shivam don't we ? ü§© https://t.co/etp8jqfyeu,god bless you thank you and we love shivam dont we  ü§© httpstcoetp8jqfyeu,god bless you thank you and we love shivam don't we ? ü§© https://t.co/etp8jqfyeu,"['god', 'bless', 'you', 'thank', 'you', 'and', 'we', 'love', 'shivam', 'dont', 'we', 'httpstcoetp8jqfyeu']","['god', 'bless', 'thank', 'love', 'shivam', 'dont', 'httpstcoetp8jqfyeu']","['god', 'bless', 'thank', 'love', 'shivam', 'dont', 'httpstcoetp8jqfyeu']",0.5,0.6,
@astrowithraquel wow. what a skank ass thing to do. if it wasn't for @witchdctralex and shivam on ig. i would not h‚Ä¶ https://t.co/cgncmsqaic,astrowithraquel wow what a skank ass thing to do if it wasnt for witchdctralex and shivam on ig i would not h‚Ä¶ httpstcocgncmsqaic, astrowithraquel wow. what a skank ass thing to do. if it wasn't for  witchdctralex and shivam on ig. i would not h‚Ä¶ https://t.co/cgncmsqaic,"['astrowithraquel', 'wow', 'what', 'a', 'skank', 'ass', 'thing', 'to', 'do', 'if', 'it', 'wasnt', 'for', 'witchdctralex', 'and', 'shivam', 'on', 'ig', 'i', 'would', 'not', 'h', 'httpstcocgncmsqaic']","['astrowithraquel', 'wow', 'skank', 'ass', 'thing', 'wasnt', 'witchdctralex', 'shivam', 'ig', 'would', 'h', 'httpstcocgncmsqaic']","['astrowithraquel', 'wow', 'skank', 'ass', 'thing', 'wasnt', 'witchdctralex', 'shivam', 'ig', 'would', 'h', 'httpstcocgncmsqaic']",0.1,1.0,
@ipo_mantra money cannot buy sound sleep.,ipomantra money cannot buy sound sleep, ipo_mantra money cannot buy sound sleep.,"['ipomantra', 'money', 'cannot', 'buy', 'sound', 'sleep']","['ipomantra', 'money', 'cannot', 'buy', 'sound', 'sleep']","['ipomantra', 'money', 'cannot', 'buy', 'sound', 'sleep']",0.4,0.4,
" genesis has been with us for 3 months, and we have constantly seen how amazing team and @gharliera1 are‚ù§Ô∏è also much love‚Ä¶", genesis has been with us for 3 months and we have constantly seen how amazing team and gharliera1 are‚ù§Ô∏è also much love‚Ä¶, genesis has been with us for 3 months  and we have constantly seen how amazing team and  gharliera1 are‚ù§Ô∏è also much love‚Ä¶,"['', 'genesis', 'has', 'been', 'with', 'us', 'for', '3', 'months', 'and', 'we', 'have', 'constantly', 'seen', 'how', 'amazing', 'team', 'and', 'gharliera1', 'are', 'also', 'much', 'love', '']","['', 'genesis', 'us', '3', 'months', 'constantly', 'seen', 'amazing', 'team', 'gharliera1', 'also', 'much', 'love', '']","['', 'genesi', 'us', '3', 'month', 'constantli', 'seen', 'amaz', 'team', 'gharliera1', 'also', 'much', 'love', '']",0.26666666666666666,0.4777777777777778,
"why are you asking us to report ? you are dgp, ask your men to go on him and also report this complain to your near‚Ä¶ https://t.co/zm5bze6o4j",why are you asking us to report  you are dgp ask your men to go on him and also report this complain to your near‚Ä¶ httpstcozm5bze6o4j,why are you asking us to report ? you are dgp  ask your men to go on him and also report this complain to your near‚Ä¶ https://t.co/zm5bze6o4j,"['why', 'are', 'you', 'asking', 'us', 'to', 'report', 'you', 'are', 'dgp', 'ask', 'your', 'men', 'to', 'go', 'on', 'him', 'and', 'also', 'report', 'this', 'complain', 'to', 'your', 'near', 'httpstcozm5bze6o4j']","['asking', 'us', 'report', 'dgp', 'ask', 'men', 'go', 'also', 'report', 'complain', 'near', 'httpstcozm5bze6o4j']","['ask', 'us', 'report', 'dgp', 'ask', 'men', 'go', 'also', 'report', 'complain', 'near', 'httpstcozm5bze6o4j']",0.0,0.0,
" on international day of united nations peacekeepers, we celebrate all peacekeepers for their unwavering courage in providing‚Ä¶", on international day of united nations peacekeepers we celebrate all peacekeepers for their unwavering courage in providing‚Ä¶, on international day of united nations peacekeepers  we celebrate all peacekeepers for their unwavering courage in providing‚Ä¶,"['', 'on', 'international', 'day', 'of', 'united', 'nations', 'peacekeepers', 'we', 'celebrate', 'all', 'peacekeepers', 'for', 'their', 'unwavering', 'courage', 'in', 'providing', '']","['', 'international', 'day', 'united', 'nations', 'peacekeepers', 'celebrate', 'peacekeepers', 'unwavering', 'courage', 'providing', '']","['', 'intern', 'day', 'unit', 'nation', 'peacekeep', 'celebr', 'peacekeep', 'unwav', 'courag', 'provid', '']",0.0,0.0,
@sweetjazzcity is it me or that little kid up there just removed the moon like a biscuit üç™,sweetjazzcity is it me or that little kid up there just removed the moon like a biscuit üç™, sweetjazzcity is it me or that little kid up there just removed the moon like a biscuit üç™,"['sweetjazzcity', 'is', 'it', 'me', 'or', 'that', 'little', 'kid', 'up', 'there', 'just', 'removed', 'the', 'moon', 'like', 'a', 'biscuit', '']","['sweetjazzcity', 'little', 'kid', 'removed', 'moon', 'like', 'biscuit', '']","['sweetjazzc', 'littl', 'kid', 'remov', 'moon', 'like', 'biscuit', '']",-0.1875,0.5,
 memer tweeting on twitter and ss uploading on instagram https://t.co/5tfzowu5vt, memer tweeting on twitter and ss uploading on instagram httpstco5tfzowu5vt, memer tweeting on twitter and ss uploading on instagram https://t.co/5tfzowu5vt,"['', 'memer', 'tweeting', 'on', 'twitter', 'and', 'ss', 'uploading', 'on', 'instagram', 'httpstco5tfzowu5vt']","['', 'memer', 'tweeting', 'twitter', 'ss', 'uploading', 'instagram', 'httpstco5tfzowu5vt']","['', 'memer', 'tweet', 'twitter', 'ss', 'upload', 'instagram', 'httpstco5tfzowu5vt']",0.0,0.0,
